Ano;Id;Município;prop_inter_pop_total;prop_dias_perm_internacoes;prop_obito_internacao;prop_pop_acesso_esg;idhm;populacao;pib_percapta;cresc_pop;prop_pop_atend_com_esgoto
2008;1;Águas Vermelhas;0,001180463;3,75;0;0,169587981;0,466;13179;3705,94;0,033709579;0
2009;1;Águas Vermelhas;0,001616458;2,363636364;0,090909091;0,381775806;0,466;13301;6728,53;0,004131622;0
2010;1;Águas Vermelhas;0,000745823;2,6;0;0,422496463;0,601;12722;10390,91;-0,014842028;0
2011;1;Águas Vermelhas;0,001041047;4,142857143;0;0,427308986;0,601;12787;10088,12;0,002983294;0
2012;1;Águas Vermelhas;0,001038114;2,285714286;0;0,339922179;0,601;12850;17412,72;0,002825699;0,29618677
2013;1;Águas Vermelhas;0,001865939;2;0;0,364948144;0,601;13306;10580,18;0,033219635;0,323162483
2014;1;Águas Vermelhas;0,000858124;1,333333333;0;0,391762595;0,601;13378;11647,07;0,003588345;0,321423232
2008;2;Aimorés;0,005528628;3,712328767;0;0,574645169;0,593;24871;8887,23;0,026191031;0
2009;2;Aimorés;0,009713895;3,8671875;0;0,553716012;0,593;24825;10150,12;-0,002044835;0,330312185
2010;2;Aimorés;0,014874915;3,868686869;0,005050505;0,621098602;0,684;24959;10184,46;0,010169234;0,291718418
2011;2;Aimorés;0,014050642;4,304812834;0;0,763628347;0,684;24948;11670,97;-0,000150252;0,291806958
2012;2;Aimorés;0,013753194;3,912568306;0,005464481;0,763965192;0,684;24937;13125,32;-0,000225411;0,317961262
2013;2;Aimorés;0,009195067;3,373015873;0;0,771996105;0,684;25675;14985,86;0,029836164;0,308821811
2014;2;Aimorés;0,013274014;4,049450549;0;0,771695542;0,684;25685;14084,98;0,000583814;0,308701577
2008;3;Alfenas;0,011685257;2,831168831;0,006493506;1,022683041;0,675;74505;13435,55;0,039845353;0,029997987
2009;3;Alfenas;0,011126983;2,986486486;0;1,031297365;0,675;75214;14535,54;0,009257152;0,067514027
2010;3;Alfenas;0,010768747;2,802919708;0,00729927;0,937674519;0,761;73774;17422,24;-0,043530562;0,072857646
2011;3;Alfenas;0,012512708;2,95;0,00625;0,937669924;0,761;74298;20458;0,00510926;0,073541683
2012;3;Alfenas;0,012529183;2,782608696;0,00621118;0,93767713;0,761;74804;22649,3;0,004926879;0,058392599
2013;3;Alfenas;0,007515407;2,85;0;0,937669097;0,761;77618;22672,17;0,035486381;0,062562808
2014;3;Alfenas;0,019135895;3,01171875;0;0,937679083;0,761;78176;25103,11;0,005411093;0,067041036
2008;4;Almenara;0,003618672;2,655555556;0;0,788444955;0,529;38269;4975,58;0,026370089;0,373461549
2009;4;Almenara;0,003786506;2,776595745;0,010638298;0,799330409;0,529;38531;5489,78;-0,001849544;0,356751706
2010;4;Almenara;0,002403942;2,783333333;0,033333333;0,818826564;0,642;38775;6822,02;0,005397784;0,399793681
2011;4;Almenara;0,001723585;3,023255814;0;0,818833897;0,642;39036;7603,4;-0,000440723;0,488036684
2012;4;Almenara;0,002165457;3,018518519;0;0,818820475;0,642;39287;8054,09;-0,000440917;0,484918675
2013;4;Almenara;0,001674781;2,604651163;0,023255814;0,81881764;0,642;40749;9098,35;0,029594578;0,486416845
2014;4;Almenara;0,004594121;2,559322034;0,016949153;0,818831042;0,642;41028;10240,99;0,000389484;0,483109096
2008;5;Araçuaí;0,00080141;2;0;0,071788954;0,516;37262;4285,99;0,022954583;0
2009;5;Araçuaí;0,000161031;2;0;0,187814272;0,516;37388;4564,11;-0,004648181;0
2010;5;Araçuaí;0,000811425;2,8;0;0,332685419;0,663;36013;5421,98;-0,007729469;0
2011;5;Araçuaí;0;0;0;0,405139163;0,663;36037;5931,35;-0,003732554;0
2012;5;Araçuaí;0,000163506;2;0;0,446157686;0,663;36059;6702,23;-0,003746539;0,055464655
2013;5;Araçuaí;0,000637552;4,25;0;0,484140009;0,663;37169;7629,69;0,025833878;0,069950765
2014;5;Araçuaí;0,001118747;2,428571429;0,142857143;0,52337453;0,663;37220;9171,63;-0,002709595;0,053734551
2008;6;Araguari;0,00295421;3,225490196;0,009803922;0,904934109;0,673;110334;16723,68;0,030810569;0
2009;6;Araguari;0,002919835;2,722772277;0;0,887825735;0,673;111095;17239,3;0,001853622;0
2010;6;Araguari;0,004803633;3,333333333;0;0,934262894;0,773;109801;19564,66;-0,006996039;0
2011;6;Araguari;0,003371505;3,310344828;0,00862069;1;0,773;110402;20056,12;0,001659437;0
2012;6;Araguari;0,002843794;2,612244898;0;1;0,773;110983;25458,45;0,001598558;0,203472604
2013;6;Araguari;0,001068646;3,157894737;0;1;0,773;114970;24558,92;0,031862105;0,257675915
2014;6;Araguari;0,002609354;2,47311828;0,010752688;1;0,773;115632;29606,03;0,002306027;0,257091463
2008;7;Araxá;0,001114019;8,78313253;0,036144578;1,021286108;0,683;91703;25803,3;0,040165857;0,830888848
2009;7;Araxá;0,000332385;5,72;0;1,038374208;0,683;92927;21312,23;0,00951614;0,834719726
2010;7;Araxá;0,000338873;6,16;0;0,985182338;0,772;93672;27466,91;-0,019145372;0,738491758
2011;7;Araxá;0,000269186;10,4;0;0,985179169;0,772;94799;30454,99;0,007102773;0,734891718
2012;7;Araxá;0,000213892;4,375;0;0,985180627;0,772;95888;41077,82;0,006810412;0,731499249
2013;7;Araxá;0,000206138;7,6875;0;0,985177925;0,772;99986;42591,31;0,037618309;0,727901906
2014;7;Araxá;0,000370958;6,448275862;0,137931034;0,985178374;0,772;101136;47115,64;0,007189054;0,724806202
2008;9;Barbacena;0,005193119;3,770833333;0,020833333;0,834372644;0,664;127328;10712,31;0,037315527;0
2009;9;Barbacena;0,002309469;3,837209302;0,069767442;0,839016271;0,664;128572;10386,55;0,007194634;0,116355038
2010;9;Barbacena;0,003083081;3,842105263;0,070175439;0,880942954;0,769;126284;12498,45;-0,007035824;0,118700706
2011;9;Barbacena;0,002526882;3,510638298;0,042553191;0,729778805;0,769;127218;13480,45;0,006057984;0
2012;9;Barbacena;0,003794965;3,563380282;0,014084507;0,738729316;0,769;128120;14784,11;0,005860215;0,132688105
2013;9;Barbacena;0,0033005;2,984375;0,015625;0,744615732;0,769;132980;15764,49;0,036453044;0,14581892
2014;9;Barbacena;0,00266489;3,461538462;0,038461538;0,75732989;0,769;133972;17014,04;0,006291579;0,145552802
2008;10;Belo Horizonte;0,001018626;3,285714286;0;0,976321365;0,726;2434642;17313,06;0,034472377;0
2009;10;Belo Horizonte;0,000651702;3,777777778;0;1,001578314;0,726;2452617;18182,7;0,004802095;0,00416657
2010;10;Belo Horizonte;0,000364511;3,4;0;1;0,81;2375151;24922,95;-0,006734251;0,004211101
2011;10;Belo Horizonte;0,000290402;1,75;0;1;0,81;2385640;27797,65;0,004155428;0
2012;10;Belo Horizonte;7,23118E-05;2;0;1;0,81;2395785;31167,37;0,00399303;0
2013;10;Belo Horizonte;0,000419404;2,666666667;0;1;0,81;2479165;33167,4;0,034492733;0,004207465
2014;10;Belo Horizonte;0;0;0;1;0,81;2491109;35187,85;0,004543548;0,004187292
2008;11;Berilo;0,00189978;3,666666667;0;0,226590526;0,497;13659;3818,48;0,039020483;0
2008;12;Betim;0,006172508;4,243478261;0,013043478;0,666131169;0,612;429507;58938,14;0,032674667;0,006228071
2009;12;Betim;0,004252701;3,597484277;0,031446541;0,718681239;0,612;441748;57009,27;0,003381461;0,015895941
2010;12;Betim;0,002193652;3,518987342;0,012658228;0,869181595;0,749;378089;61939,08;-0,036776506;0,031688306
2011;12;Betim;0,001997947;3,875;0,041666667;0,885893355;0,749;383571;56927,57;0,000666426;0,038063357
2012;12;Betim;0,001830334;3,575757576;0;0,905010119;0,749;388873;55678,87;0,000610484;0,041370833
2013;12;Betim;0,001748769;3,892307692;0,015384615;0,931702889;0,749;406474;54140,46;0,030782884;0,044270974
2014;12;Betim;0,002149382;3,5625;0,0375;0,964196863;0,749;412003;53456,01;0,001372111;0,047281209
2008;14;Bocaiúva;0,000623636;4;0;0,741847709;0,577;46306;7527,64;0,049239326;0
2009;14;Bocaiúva;0,000306654;5;0;0,742107069;0,577;46624;7708,34;0,016838167;0
2010;14;Bocaiúva;0,001139323;3,714285714;0;0,746988468;0,7;46654;8439,86;-0,057957682;0
2011;14;Bocaiúva;0;0;0;0,745473908;0,7;46950;9586,03;0,010579427;0
2012;14;Bocaiúva;0,000637857;2,5;0;0,762130578;0,7;47236;11837,26;0,009985505;0,125963248
2013;14;Bocaiúva;0,000459629;2,666666667;0;0,769796218;0,7;48974;13067,1;0,040822835;0,124555887
2014;14;Bocaiúva;0,000606704;2;0;0,768871848;0,7;49293;13348,83;0,010111843;0,128395513
2008;16;Borda da Mata;0,002795229;3,089108911;0,00990099;0,847470817;0,615;15420;7466,33;0,039409717;0
2013;16;Borda da Mata;0,002096816;2,728395062;0;0,801379235;0,73;18271;12364,26;0,038775949;0
2008;17;Botelhos;0,005770118;3,72;0;0,645053651;0,602;15284;9294,95;0,039008793;0
2009;17;Botelhos;0,002364788;3,903225806;0;0,648113022;0,602;15289;7687,63;0,008539775;0
2010;17;Botelhos;0,002528929;3,212121212;0;0,678552279;0,702;14920;7943,45;-0,004577008;0
2011;17;Botelhos;0,002586535;3;0;0,693700946;0,702;14907;9371,77;0,007356886;0
2012;17;Botelhos;0,002644104;3,114285714;0;0,718928356;0,702;14893;10506,25;0,006998859;0,888806822
2013;17;Botelhos;0,004658611;2,3125;0;0,714341642;0,702;15326;10342,95;0,037848455;0,795380399
2014;17;Botelhos;0,002817919;2,666666667;0;0,723588907;0,702;15325;12563,09;0,007424662;0,7954323
2008;18;Brasília de Minas;0,008288735;2,472440945;0;0,565123055;0,513;32262;4011,3;0,016182518;0,115212944
2009;18;Brasília de Minas;0,008837884;2,388059701;0,029850746;0,543097602;0,513;32438;4511,59;-0,010442501;0,118533818
2010;18;Brasília de Minas;0,009200969;2,443609023;0;0,576939096;0,656;31213;5105,4;-0,046629732;0,126261494
2011;18;Brasília de Minas;0,009173669;3,404580153;0,015267176;0,594674934;0,656;31286;5812,33;-0,012106538;0,13063351
2012;18;Brasília de Minas;0,008292579;3,64957265;0,017094017;0,618191096;0,656;31356;6574,64;-0,01197479;0,135221329
2013;18;Brasília de Minas;0,004949805;3,295774648;0,014084507;0,61615912;0,656;32378;7230,74;0,016656035;0,131725246
2014;18;Brasília de Minas;0,006907246;2,959183673;0;0,642441413;0,656;32473;8152,83;-0,010875627;0,134419364
2008;19;Brumadinho;0,00032538;4,111111111;0;0,600421453;0,627;33693;24789,95;0,046894516;0
2009;19;Brumadinho;0,000178101;3,6;0;0,598499607;0,627;34391;13812,21;0,014967462;0
2010;19;Brumadinho;0,000597708;3,176470588;0,058823529;0,621052012;0,747;33973;39254,99;0,013108214;0,780031201
2011;19;Brumadinho;0,000312175;5,111111111;0,222222222;0,625919277;0,747;34538;63537,89;0,013641797;0,810701257
2012;19;Brumadinho;0,000376648;2,636363636;0;0,627818156;0,747;35085;68461,96;0,013007284;0,812882998
2013;19;Brumadinho;0,000163929;2,6;0;0,638891912;0,747;36748;80729,36;0,044375963;0,776096658
2014;19;Brumadinho;0,000161849;4,4;0;0,643190224;0,747;37314;79293,99;0,012852038;0,768076325
2008;21;Caeté;0,002886577;5,155172414;0;0,733006842;0,661;40634;5802,28;0,038290616;0
2009;21;Caeté;0,001925641;4,717948718;0;0,794739663;0,661;41043;5679,23;0,007962972;0
2010;21;Caeté;0,00102046;3,8;0;0,86998773;0,728;40750;7780,96;-0,032291512;0,349300613
2011;21;Caeté;0,00106626;3,80952381;0;0,955514455;0,728;41092;10297,92;0,004898209;0,346393459
2012;21;Caeté;0,00085915;4,176470588;0;0,953745504;0,728;41423;11748,84;0,004671236;0,364145523
2013;21;Caeté;0,001318102;3,222222222;0;0,9355191;0,728;43036;12319,35;0,035225148;0,357491403
2014;21;Caeté;0,000631374;4,846153846;0;0,929623228;0,728;43395;13722,64;0,005174771;0,400622191
2010;23;Campanha;0,000170962;2,25;0;0,863474373;0,709;15433;10662,98;0,037330969;0
2011;23;Campanha;0,000126609;6;0;0,863478373;0,709;15536;13289,84;0,012736676;0
2012;23;Campanha;0;0;0;0,863447394;0,709;15635;14129,57;0,012196666;0,981259994
2013;23;Campanha;0;0;0;0,863459759;0,709;16215;13812,83;0,04344563;0
2008;24;Campina Verde;0,003880225;3,566037736;0;0,89040454;0,621;19207;10605,31;0,033676404;0,161139168
2009;24;Campina Verde;0,005686375;3,5;0;0,911202542;0,621;19201;11299,12;0,004246285;0,163741472
2010;24;Campina Verde;0,007073171;3,218390805;0;0,746895053;0,704;19324;14714,86;-0,103302471;0,232871041
2011;24;Campina Verde;0,005388635;3,136363636;0;0,746872092;0,704;19342;19005,35;-0,004227642;0,108572019
2012;24;Campina Verde;0,004836859;3,169491525;0,016949153;0,746874677;0,704;19358;20295,46;-0,004082299;0,183231739
2013;24;Campina Verde;0,004956828;2,870967742;0,016129032;0,746881106;0,704;19959;21569,13;0,025414002;0,2051706
2014;24;Campina Verde;0,005212928;2,984615385;0,015384615;0,746886099;0,704;19991;23679,96;-0,003118004;0,183382522
2008;26;Campo do Meio;0,004795487;2,970588235;0;0,950168919;0,576;11840;6714,86;0,039741898;0
2009;26;Campo do Meio;0,00286533;3,341463415;0;0,959481088;0,576;11871;7059,74;0,00909732;0
2010;26;Campo do Meio;0,003222735;3,318181818;0;0,876524922;0,683;11476;6812,39;-0,045845272;0
2011;26;Campo do Meio;0,001457726;3,4;0;0,87195122;0,683;11480;9772,53;0,004907346;0
2012;26;Campo do Meio;0,001668722;3,913043478;0;0,871723417;0,683;11483;8890,11;0,004591837;0,845859096
2013;26;Campo do Meio;0,001471825;3,333333333;0;0,860451357;0,683;11831;8591,93;0,035188275;0,820978785
2014;26;Campo do Meio;0,000418352;2,333333333;0;0,861195542;0,683;11844;9735,05;0,005186431;0,83755488
2010;27;Capelinha;0,001090456;3,452380952;0;0,592190328;0,653;34803;7359,35;-0,018800632;0,924948999
2011;27;Capelinha;0,001113211;2,651162791;0;0,624650898;0,653;35090;9570,89;0,002881919;0,920034198
2012;27;Capelinha;0,001213404;2,638297872;0;0,645216014;0,653;35368;10678,7;0,002770083;0,915318932
2013;27;Capelinha;0,000724674;3,517241379;0;0,639711486;0,653;36740;11292,62;0,033149171;0,91034295
2014;27;Capelinha;0,000796912;3,09375;0,03125;0,670257282;0,653;37041;13729,68;0,003423459;0,906050053
2008;30;Caratinga;0,000957746;3,058823529;0;0,587338638;0,606;84825;7218,34;0,032336862;0,160165046
2009;30;Caratinga;0,000505476;3,666666667;0;0,60358948;0,606;85472;8006,74;0,003098592;0,166885062
2010;30;Caratinga;0,000695935;2,5;0;0,637196588;0,706;85239;10069,21;-0,031564167;0,168408827
2011;30;Caratinga;0,001216897;3,333333333;0,095238095;0,66023004;0,706;85811;12426,38;0,000811924;0
2012;30;Caratinga;0,000752707;2,461538462;0;0,684127646;0,706;86364;12408,89;0,000811265;0,175790839
2013;30;Caratinga;0,000393148;2,857142857;0;0,72880618;0,706;89578;13221;0,030918881;0
2014;30;Caratinga;0,00056079;2,6;0;0,746208089;0,706;90192;14666,61;0,001516428;0
2008;32;Carlos Chagas;0,001046846;3,5;0;0,533330204;0,524;21302;8623,83;0,029017707;0,462820392
2009;32;Carlos Chagas;0,000981098;3,133333333;0;0,564161795;0,524;21212;9227,01;0,000327139;0,467141241
2010;32;Carlos Chagas;0,000603217;3,666666667;0;0,61537695;0,648;20069;12651,79;-0,024134999;0,504459614
2011;32;Carlos Chagas;0,001006239;2,733333333;0;0,64596928;0,648;19922;14597,83;-0,000871314;0,51907439
2012;32;Carlos Chagas;0,001745787;4,346153846;0;0,645988169;0,648;19779;14049,01;-0,000939156;0,541331715
2013;32;Carlos Chagas;0,001892209;4,827586207;0,034482759;0,645987929;0,648;20214;14570,29;0,029074062;0,541604828
2014;32;Carlos Chagas;0,00137031;3,380952381;0;0,645993031;0,648;20090;16131,76;-6,52486E-05;0,551966152
2008;34;Carmo de Minas;0,00108057;3,5;0;0,533857825;0,558;14236;7183,6;0,024564074;0
2009;34;Carmo de Minas;0,000338845;2,6;0;0,660832118;0,558;14397;7923,83;-0,003444317;0
2014;34;Carmo de Minas;6,68583E-05;4;0;0,741030928;0,682;14550;11548,03;-0,001668669;0,687285223
2008;36;Carmópolis de Minas;0,007860652;2,590909091;0,022727273;0,697716895;0,565;16425;9051,96;0,030467599;0,389589041
2009;36;Carmópolis de Minas;0,002140564;2,833333333;0;0,698869105;0,565;16624;10075,42;0,001518535;0,388594803
2010;36;Carmópolis de Minas;0,000734484;3,25;0;0,717034256;0,7;17048;11854,98;-0,028540849;0,332824965
2011;36;Carmópolis de Minas;0,001193865;3,230769231;0;0,736787204;0,7;17256;13693,77;-0,000275432;0,328697265
2012;36;Carmópolis de Minas;0,003582583;3,461538462;0;0,737053162;0,7;17456;14979,35;-0,000275507;0,324873969
2013;36;Carmópolis de Minas;0,002675943;4;0;1;0,7;18205;17018,45;0,029854859;0,320790991
2014;36;Carmópolis de Minas;0,003476865;3,025641026;0;1;0,7;18416;18798,37;0,000535189;0,317278454
2008;37;Carvalhos;0,006505159;3,765517241;0,013793103;0,480692129;0,507;4739;5253,74;0,038096125;0
2009;37;Carvalhos;0,002448253;3,818181818;0;0,510031679;0,507;4735;5653,87;0,007851054;0
2010;37;Carvalhos;0,002023134;4,065217391;0,02173913;0,534899034;0,646;4556;5882,91;0,012107723;0,663740123
2008;38;Caxambu;0,00078437;4,636363636;0;1,131588733;0,649;21514;6636,03;0,030116057;0
2009;38;Caxambu;0,000712149;4,1;0;1,155429051;0,649;21431;6985,26;0,001283514;0
2010;38;Caxambu;0,001157491;4;0;0,979129233;0,743;21705;9148,43;-0,015596069;0
2011;38;Caxambu;0,000361507;8;0,2;0,979144558;0,743;21673;9673,22;0,000578746;0,352097079
2012;38;Caxambu;0,000939442;4,923076923;0;0,979113719;0,743;21641;11538,15;0,000506109;0,352802551
2013;38;Caxambu;0,00077128;4,636363636;0;0,979107696;0,743;22257;12094,48;0,030640266;0,353551692
2014;38;Caxambu;0,00070028;4,3;0;0,979140442;0,743;22244;12686,74;0,001262095;0,354207876
2009;39;Cláudio;0,000389835;3,5625;0;0,783946334;0,597;25938;10042,96;0,010065462;0
2008;40;Conceição do Mato Dentro;0,005293885;2,448598131;0;0,477583791;0,43;18558;5796,4;0,025573371;0
2009;40;Conceição do Mato Dentro;0,002529762;2,294117647;0;0,46967735;0,43;18534;5999,93;-0,002572729;0,759253264
2010;40;Conceição do Mato Dentro;0,0028463;2,266666667;0;0,4860956;0,634;17908;8702,39;0,045634921;0,827395577
2011;40;Conceição do Mato Dentro;0,00165704;2,257142857;0,028571429;0,529546855;0,634;17853;9424,04;0,00199241;0,866969137
2012;40;Conceição do Mato Dentro;0,001134108;2,083333333;0;0,5751208;0,634;17798;17488,1;0,00189376;0,872513766
2013;40;Conceição do Mato Dentro;0,001373375;2,166666667;0,066666667;0,648880862;0,634;18273;20935,03;0,032227578;0,877250588
2014;40;Conceição do Mato Dentro;0,002100361;3,065217391;0;0,68511105;0,634;18235;19265,11;0,002609412;0,881327118
2008;41;Congonhas;0,001534331;2,975;0;0,776245163;0,637;48066;17714,67;0,042383047;0,486518537
2009;41;Congonhas;0,001099943;3,655172414;0;0,781827884;0,637;48723;18056,35;0,011315689;0,482318412
2010;41;Congonhas;0,001434612;2,578947368;0;0,799810384;0,753;48519;39601,93;0,004665276;0,460829778
2011;41;Congonhas;0,001943271;2,711538462;0;0,814332579;0,753;49077;56139,33;0,010231048;0,458463231
2012;41;Congonhas;0,000629164;3,411764706;0;0,836262496;0,753;49616;62823,77;0,009753728;0,492300871
2013;41;Congonhas;0,001066743;2,7;0;0,827341469;0,753;51709;66533,98;0,040821614;0,484963933
2014;41;Congonhas;0,001760439;2,84;0,04;0,848986228;0,753;52280;68635,77;0,009920705;0,476281561
2008;42;Conselheiro Lafaiete;0,000774653;7,2;0;0,901951116;0,666;113576;7507,81;0,031070288;0
2009;42;Conselheiro Lafaiete;0,000773036;3,8;0;0,938348214;0,666;114579;7825,74;0,002091564;0
2010;42;Conselheiro Lafaiete;0,001428345;4,222222222;0,055555556;0,954974595;0,761;116512;9696,81;-0,025819419;0,089750412
2011;42;Conselheiro Lafaiete;0,00079321;2,9;0,1;0,954976948;0,761;117562;10860,07;0,000396762;0,08894881
2012;42;Conselheiro Lafaiete;0,000396448;2,6;0;0,954974785;0,761;118578;12827,32;0,000396605;0,088549309
2013;42;Conselheiro Lafaiete;0,000846349;2,272727273;0;0,954970594;0,761;123275;13925,52;0,030526483;0,085175421
2014;42;Conselheiro Lafaiete;0,001613895;3,666666667;0,095238095;0,954973064;0,761;124370;14455,86;0,001154112;0,08451395
2008;43;Contagem;0,002659911;2,333333333;0,023809524;0,788664976;0,651;617749;24070,88;0,040938757;0,022630551
2009;43;Contagem;0,003197693;2,666666667;0;0,893836356;0,651;625393;24641,23;0,010069664;0,022971156
2010;43;Contagem;0,003693384;2,561403509;0,01754386;0,954182838;0,756;603442;31743,14;-0,032353126;0,022083315
2011;43;Contagem;0,005149331;3,1125;0;0,974935725;0,756;608715;33219,02;0,00667401;0,022038228
2012;43;Contagem;0,003197953;2,38;0;0,982590846;0,756;613815;36780,63;0,006372297;0,021993597
2013;43;Contagem;0,00333025;2,648148148;0;0,986411395;0,756;637961;38181,58;0,037096258;0,021946483
2014;43;Contagem;0,002266462;2,567567568;0,027027027;0,996616812;0,756;643476;40833,12;0,006783842;0,021906023
2008;44;Coração de Jesus;0,000191911;2,25;0;0,127282154;0,517;27003;4369,6;0,029233124;0
2009;44;Coração de Jesus;0,000143857;2;0;0,187310955;0,517;27110;5089,39;0,000527755;0
2010;44;Coração de Jesus;0,000725128;2,533333333;0;0,302500672;0,642;26033;4936,38;-0,008056008;0
2011;44;Coração de Jesus;0,00062811;3,153846154;0;0,317496258;0,642;26057;5636,4;0,000531761;0,441340139
2012;44;Coração de Jesus;0,000386343;2,75;0;0,219832049;0,642;26079;11695,4;0,000483162;0,440967829
2013;44;Coração de Jesus;0,001124649;2,333333333;0;0,240172561;0,642;26889;7132,94;0,030569373;0,427684183
2014;44;Coração de Jesus;0,001076426;2,695652174;0;0,258270523;0,642;26933;6555,58;0,00126523;0,445550069
2008;45;Coronel Fabriciano;0,002811475;3,092592593;0,018518519;0,938208112;0,648;104415;6339,61;0,028211991;0,163788728
2009;45;Coronel Fabriciano;0,004635175;2,685393258;0,011235955;0,959890324;0,648;105037;6893,8;-0,000312386;0,166569875
2010;45;Coronel Fabriciano;0,002587456;2,56;0;0,987472756;0,755;103694;8863,84;0,006405916;0,139188381
2011;45;Coronel Fabriciano;0,002740151;2,490566038;0,018867925;0,987472882;0,755;104174;10283,96;0,000931484;0,138671838
2012;45;Coronel Fabriciano;0,003771051;2,794520548;0;0,987470971;0,755;104637;11483,22;0,000827215;0,138172922
2013;45;Coronel Fabriciano;0,002505136;3;0,02;0,987470222;0,755;108302;12832,44;0,031046596;0,137642887
2014;45;Coronel Fabriciano;0,003001351;2,616666667;0;0,987468188;0,755;108843;13725,15;0,001603287;0,13717924
2008;46;Curvelo;0,001201201;3,71875;0,0625;0,691112634;0,608;74409;8417,51;0,037080292;0,675697832
2009;46;Curvelo;0,000782808;5,380952381;0;0,750569613;0,608;75051;8832,3;0,007000751;0,673835125
2010;46;Curvelo;1,94009E-05;19;0;0,80727307;0,713;74219;10786,65;-0,039308147;0,659696304
2011;46;Curvelo;5,7999E-05;6;0;0,839109375;0,713;74734;11265,67;0,003511563;0,692121391
2012;46;Curvelo;9,63391E-05;4,4;0,2;0,870424187;0,713;75014;14129,33;0,003383277;0,691870851
2013;46;Curvelo;9,31862E-05;7,4;0;0,891460218;0,713;77824;15679,84;0,033834297;0,666889391
2014;46;Curvelo;9,2816E-05;5;0;0,907876437;0,713;78373;15874,71;0,00398837;0,65272479
2008;47;Diamantina;0;0;0;0,645048905;0,602;46212;5977,56;0,031718369;0,243443261
2009;47;Diamantina;0;0;0;0,698223066;0,602;46372;6202,71;0,002618243;0,245622358
2010;47;Diamantina;8,71384E-05;4;0;0,72048823;0,716;45880;8324,22;-0,033274366;0,219245859
2011;47;Diamantina;0;0;0;0,934920117;0,716;46005;9157,78;0,000348554;0,217585045
2012;47;Diamantina;0,000435426;4,6;0;1,014135501;0,716;46125;10586,07;0,000261324;0,21701897
2013;47;Diamantina;0,000253571;4,333333333;0;0,805150377;0,716;47647;11821,71;0,030305669;0,213654585
2014;47;Diamantina;0,000591017;3,857142857;0;0,952408845;0,716;47803;12758,94;0,001098808;0,21337573
2008;48;Divisópolis;0,003664077;3,58;0;0,018587809;0,445;8285;4952,06;0,035042476;0
2009;48;Divisópolis;0,002040965;3,357142857;0;0,052936311;0,445;8463;5366,98;0,005349553;0
2010;48;Divisópolis;0,002252569;3,59375;0,03125;0,079674616;0,609;8974;4691,53;0,035498214;0
2011;48;Divisópolis;0,002375463;3,264705882;0;0,124590879;0,609;9166;5785,53;0,007532029;0
2008;49;Dores do Indaiá;0,001184792;2,878787879;0,060606061;1,023504868;0,603;14380;7982,87;0,03335312;0
2010;49;Dores do Indaiá;0,002210145;2,508196721;0,016393443;0,915517492;0,719;13778;8815,03;-0,013016736;0
2008;50;Elói Mendes;0,000744186;2,75;0,083333333;0,65032913;0,618;25218;10991,81;0,040389703;0
2009;50;Elói Mendes;0,000859898;2,785714286;0;0,99796334;0,618;25532;9716,05;0,009674419;0
2010;50;Elói Mendes;0,00061665;4,555555556;0,111111111;0,807850912;0,685;25220;12375,27;-0,103556293;0,400396511
2011;50;Elói Mendes;0,00178009;2,5;0;0,807867462;0,685;25472;14683,44;0,000753683;0,400989322
2012;50;Elói Mendes;0,001368363;3,1;0;0,800233327;0,685;25715;14370,42;0,00068465;0,4472098
2013;50;Elói Mendes;0,000464622;4,857142857;0;0,807840353;0,685;26759;12487,8;0,030788177;0,429761949
2014;50;Elói Mendes;0,000265111;3,75;0;0,807838928;0,685;27019;17255,78;0,001460242;0,430363818
2008;51;Esmeraldas;0,006230892;2,934579439;0;0,13732485;0,538;58307;4746,23;0,038837301;0,306069597
2009;51;Esmeraldas;0,002425362;3,261904762;0,011904762;0,153884999;0,538;59408;4902,47;0,008414616;0,308224482
2010;51;Esmeraldas;0,004798437;2,592814371;0;0,154402615;0,671;60271;5410,3;0,004879598;0,341955501
2011;51;Esmeraldas;0,003476774;2,803278689;0;0,156731883;0,671;61283;6113,44;0,008246416;0,357668521
2012;51;Esmeraldas;0,004834879;2,245614035;0;0,151858276;0,671;62262;6926,69;0,007922485;0,366515692
2013;51;Esmeraldas;0,002857921;2,228571429;0;0,148058997;0,671;65224;7310,24;0,038792128;0,360342819
2014;51;Esmeraldas;0,005102454;2,412698413;0;0,177468786;0,671;66237;7926,89;0,008192705;0,37482072
2008;52;Extrema;0,000136221;2;0;0,823800878;0,607;26436;47366,93;0,026139223;0,028143441
2009;52;Extrema;0,000682501;2,4;0;0,821395691;0,607;27155;51346,8;-0,002043318;0,026956362
2010;52;Extrema;0,000282127;3,5;0;0,825413476;0,732;28599;65983,88;-0,032350532;0,025490402
2011;52;Extrema;0,000141563;2;0;0,844435349;0,732;29319;81418,03;-0,00352659;0,023568335
2012;52;Extrema;0;0;0;0,88063033;0,732;30016;103412,75;-0,003539071;0,020022655
2013;52;Extrema;0;0;0;0,874672641;0,732;31693;128859,55;0,025998011;0,019373363
2014;52;Extrema;0;0;0;0,909912968;0,732;32402;144320,88;-0,00263085;0,019906179
2008;53;Formiga;0,002452367;2,743589744;0;0,887497382;0,655;66834;9983,7;0,039275912;0
2009;53;Formiga;0,00149598;3,125;0,083333333;0,900607342;0,655;67178;10409,2;0,00880337;0,220771681
2010;53;Formiga;0,000915631;3;0,071428571;0,918330058;0,755;65128;13512,63;-0,046936359;0,219598329
2011;53;Formiga;0,000325542;2,2;0;0,923903888;0,755;65299;15089,06;0,004512753;0,220018683
2012;53;Formiga;6,4834E-05;3;0;0,923973482;0,755;65464;16744,21;0,004232046;0,219968227
2013;53;Formiga;0;0;0;0,942706716;0,755;67617;17261,02;0,034815871;0,215093837
2014;53;Formiga;0,000124704;2;0;0,940250321;0,755;67833;18976,54;0,004824259;0,21641384
2008;54;Francisco Sá;0,000129887;5;0;0,444586629;0,48;25788;5704,71;0,038534173;0
2009;54;Francisco Sá;0,000257666;3,666666667;0;0,467954143;0,48;25994;6127,32;0,008182881;0
2010;54;Francisco Sá;0,000428339;4,7;0;0,480611753;0,654;24912;6054,91;0,002576656;0
2011;54;Francisco Sá;0,000340107;3,625;0;0,506355932;0,654;25016;8331,21;0,007538765;0
2012;54;Francisco Sá;0,000379875;4,777777778;0;0,504339863;0,654;25116;9202,97;0,007227277;0,836120401
2013;54;Francisco Sá;0,000121981;3,666666667;0;0,499903783;0,654;25983;11768,82;0,038071923;0,846707463
2014;54;Francisco Sá;8,04376E-05;8;0;0,509960923;0,654;26102;11975,23;0,010978287;0,942226649
2008;55;Frutal;0,003233508;5,46728972;0,009345794;0,857877029;0,643;54094;12796,54;0,03190096;0,397530225
2009;55;Frutal;0,005334217;5,830508475;0,005649718;0,872288805;0,643;54819;14347,19;0,002749992;0,410660537
2010;55;Frutal;0,006192717;5,495;0,005;0,86199222;0,73;53468;14502,77;-0,026701224;0,350882771
2011;55;Frutal;0,005723125;4,864864865;0,010810811;0,861994889;0,73;53998;17901,74;0,000897944;0,347438794
2012;55;Frutal;0,004729082;5,712418301;0,006535948;0,861991158;0,73;54511;19729,38;0,000866203;0,361358258
2013;55;Frutal;0,003777205;5,896825397;0;0,861988717;0,73;56720;21667,03;0,03106358;0,375846262
2014;55;Frutal;0,005507003;5,076086957;0,010869565;0,861984669;0,73;57269;24408,33;0,001618802;0,373186191
2008;56;Governador Valadares;0,000895962;4,907894737;0,026315789;0,971146763;0,635;261981;9884,1;0,037855893;0,19017028
2009;56;Governador Valadares;0,000959379;4,195121951;0,024390244;0,971466989;0,635;263274;10809,32;0,007627468;0,195955544
2010;56;Governador Valadares;0,000469269;3,875;0,05;0,972850593;0,727;263689;13103,72;-0,002726039;0,205977496
2011;56;Governador Valadares;0,000221417;5,315789474;0,052631579;0,973490338;0,727;264960;14039,46;0,006710543;0,213824728
2012;56;Governador Valadares;0,000995785;3,906976744;0,023255814;0,973958451;0,727;266190;15340,23;0,006444395;0,221961757
2013;56;Governador Valadares;0,000881913;3,721518987;0,012658228;0,974180602;0,727;275568;16639,81;0,03721458;0,236910672
2014;56;Governador Valadares;0,000776122;3,685714286;0,014285714;0,974310006;0,727;276995;18311,47;0,006854362;0,242971895
2008;57;Guanhães;0,001694437;3,388888889;0;0,800335515;0,556;30401;8224,32;0,047116806;0,180224335
2009;57;Guanhães;0,002318464;2,72;0;0,813858607;0,556;30638;8424,16;0,015061659;0,178014231
2010;57;Guanhães;0,00437254;3,075;0;0,797613716;0,686;31262;10055,64;-0,151627562;0,188535602
2011;57;Guanhães;0,002946955;3,037037037;0,037037037;0,813170082;0,686;31526;11170,44;0,001530389;0,189779864
2012;57;Guanhães;0,001852659;3,235294118;0;0,80664548;0,686;31781;14316,76;0,001528051;0,193732104
2013;57;Guanhães;0,002112602;2,95;0;0,776377953;0,686;33020;15251,91;0,031713165;0,189854634
2014;57;Guanhães;0,001159481;2,272727273;0,090909091;0,769919212;0,686;33297;16264,9;0,002112602;0,198876776
2008;58;Guapé;0,004835227;2,417475728;0;0,771481481;0,58;13500;7749,85;0,023544109;0,841555556
2009;58;Guapé;0,006270036;2,443609023;0;0,776920223;0,58;13475;8201,46;-0,004224955;0,888089054
2010;58;Guapé;0,005730231;2,408695652;0,008695652;0,767733564;0,679;13872;7590,09;-0,053884594;0,890282584
2011;58;Guapé;0,00557173;2,432432432;0;0,766628275;0,679;13892;10895,09;-0,00732473;0,926360495
2012;58;Guapé;0,006623186;2,572519084;0;0,769391129;0,679;13911;10450,61;-0,007177994;0,918481777
2013;58;Guapé;0,007222717;2,623287671;0,006849315;0,75482612;0,679;14349;11176,48;0,021993023;0,910028573
2014;58;Guapé;0,007117969;2,58041958;0;0,764517699;0,679;14379;12487,61;-0,006134362;0,902566242
2008;59;Guaraciaba;0,001330229;4,0625;0;0,242576095;0,473;10776;3546,74;0,031914894;0
2009;59;Guaraciaba;0,001077854;4,461538462;0;0,244269871;0,473;10820;4095,83;0,002743598;0,671534196
2011;59;Guaraciaba;0,000253058;4;0;0,278935525;0,623;10221;4418,74;0,001605272;0,878583309
2012;59;Guaraciaba;0,000842318;2,8;0,1;0,289097671;0,623;10218;5504,54;0,001433994;0,880113525
2013;59;Guaraciaba;0,000244918;3;0;0,29075183;0,623;10521;5938,32;0,031755391;0,881950385
2014;59;Guaraciaba;0,000570218;3,714285714;0;0,295810772;0,623;10527;6656,88;0,002204262;0,883347582
2009;60;Guarda-Mor;0,001572602;3,388888889;0;0,576866332;0,58;6778;31687,52;0,007747843;0
2008;61;Ibiá;0,001123911;2,1875;0,0625;0,862483078;0,65;22899;24626,2;0,042395841;0,331892222
2009;61;Ibiá;0,002431062;3,685714286;0;0,846547315;0,65;23069;24450,14;0,011309357;0,412414929
2010;61;Ibiá;0,003272727;2,555555556;0;0,831596175;0,718;23218;20897,85;-0,044939918;0,451761564
2011;61;Ibiá;0,00108358;2,8;0;0,886422921;0,718;23385;25767,89;0,006763636;0,448535386
2012;61;Ibiá;0,001363767;2,684210526;0;0,883467108;0,718;23547;26569,12;0,006429242;0,451267677
2013;61;Ibiá;0,000622794;1,555555556;0;0,854307346;0,718;24435;30585,11;0,037252369;0,438223859
2014;61;Ibiá;0,000274914;2,5;0,25;0,849997969;0,718;24613;29962,99;0,006850737;0,438061187
2008;62;Ibirité;0,001130547;2,888888889;0;0,693560435;0,562;155290;6373,68;0,036825996;0
2009;62;Ibirité;0,000966967;3;0;0,719788107;0,562;157438;6800,98;0,00678328;0
2010;62;Ibirité;0,001916933;2,929824561;0,01754386;0,755690326;0,704;158954;8847,76;-0,072491344;0,158536432
2011;62;Ibirité;0,000470478;3,071428571;0;0,79489633;0,704;160943;9282,99;0,000739869;0,156695228
2012;62;Ibirité;0,000638076;2,368421053;0;0,83420828;0,704;162867;9494,97;0,000672111;0,154948516
2013;62;Ibirité;0,000553836;2,411764706;0;0,833545213;0,704;169908;9814,84;0,030829163;0,153106387
2014;62;Ibirité;0,000910895;2,821428571;0;0,867302189;0,704;171932;10719,87;0,001433458;0,151519205
2008;63;Ipanema;0,002144104;3,046511628;0;0,569692879;0,571;17778;6093,27;0,029517454;0,89841377
2009;63;Ipanema;0,00204285;3,097560976;0;0,658517526;0,571;17916;6863,79;0,000747943;0,90846171
2010;63;Ipanema;0,001713502;3,085714286;0,057142857;0,664281783;0,693;18170;6417,29;0,017737917;0,790423775
2011;63;Ipanema;0,001171875;3,5;0,083333333;0,680753481;0,693;18315;6785,04;0,002643689;0,786240786
2012;63;Ipanema;0,001266378;4,461538462;0;0,703549174;0,693;18455;8543,93;0,002490234;0,782227039
2013;63;Ipanema;0,000613034;3,538461538;0,076923077;0,680093921;0,693;19165;9661,36;0,032877113;0,777980694
2014;63;Ipanema;0,001316222;3,035714286;0,035714286;0,702039549;0,693;19318;10627,72;0,003159483;0,774303758
2008;64;Ipatinga;0,001278539;2,476190476;0;1,117412709;0,684;241720;25577,18;0,043320841;0,047410227
2009;64;Ipatinga;0,00090231;3,066666667;0;1,139516907;0,684;244508;23145,84;0,012115677;0,047515828
2010;64;Ipatinga;0,001290474;3,5;0;0,989560192;0,771;239468;31443,67;0,025505294;0,051046486
2011;64;Ipatinga;0,000347705;4;0;0,989558622;0,771;241539;33665,21;0,012200845;0,052637462
2012;64;Ipatinga;0,00074473;2,153846154;0,076923077;0,989558226;0,771;243541;36065,59;0,011590172;0,052828887
2013;64;Ipatinga;0,000823949;2,733333333;0;0,989561356;0,771;253098;37637,77;0,042907883;0,07192866
2014;64;Ipatinga;0,000380104;2;0;0,98955991;0,771;255266;36024,28;0,011590222;0,072144351
2008;65;Itabira;0,0002405;1;0;0,942649479;0,649;109380;31073,34;0,035616438;0
2009;65;Itabira;0;0;0;0,945507567;0,649;110419;30930,73;0,005772006;0,023745913
2010;65;Itabira;0,000253293;2;0;0,95565798;0,756;109783;37764,65;-0,055954089;0,02379239
2011;65;Itabira;0;0;0;0,890659028;0,756;110663;47468,59;0,001266464;0,023603192
2012;65;Itabira;0,000757959;3,333333333;0;0,892695088;0,756;111514;49850,98;0,001264862;0
2013;65;Itabira;0,000490076;2,5;0;0,867256102;0,756;115817;53425,17;0,031076301;0
2014;65;Itabira;0,001467351;3,333333333;0;0,893905521;0,756;116745;48445,51;0,001960304;0
2008;66;Itabirinha;0,002321165;2,545454545;0;0,557108254;0,544;10734;4584,86;0,027759705;0,212222843
2009;66;Itabirinha;0,005702218;2,444444444;0;0,584065071;0,544;10819;4674,08;-0,00084406;0,223218412
2010;66;Itabirinha;0,004609306;2,19047619;0;0,593340816;0,653;10692;5025,96;-0,03780359;0,227927422
2011;66;Itabirinha;0,00572309;2,307692308;0;0,614776952;0,653;10760;5200,19;-0,00285338;0,225836431
2012;66;Itabirinha;0,009933775;2,444444444;0;0,830131166;0,653;10826;6471,81;-0,002861545;0,223813043
2013;66;Itabirinha;0,000215008;1;0;0,814861012;0,653;11224;6616,16;0,026710817;0,221667855
2014;66;Itabirinha;0;0;0;0,871293264;0,653;11297;6638,49;-0,001935068;0,219792865
2008;67;Itabirito;0,009389939;2,63030303;0,012121212;0,818719121;0,629;43314;24712,28;0,029589266;0
2009;67;Itabirito;0,007562404;2,511278195;0,022556391;0,825219018;0,629;43832;18655,82;0,000853631;0,333272495
2010;67;Itabirito;0,009993108;2,632183908;0,005747126;0,80664041;0,73;45449;41318,68;-0,009950532;0,312900174
2011;67;Itabirito;0,006600471;2,913043478;0;0,804405918;0,73;46029;54556,02;0,000631748;0,308957396
2012;67;Itabirito;0,005621522;2,846938776;0;0,799995707;0,73;46589;60929,15;0,000573954;0
2013;67;Itabirito;0,00578839;3,057692308;0;0,766857284;0,73;48614;82824,88;0,030631561;0
2014;67;Itabirito;0,005669501;3,12745098;0,029411765;0,858179379;0,73;49203;76075,77;0,001335782;0
2008;68;Itaguara;0,001901222;3,729323308;0,015037594;0,942085545;0,572;12812;10243,94;0,038154458;0
2009;68;Itaguara;0,002794049;3,593908629;0,025380711;0,932386539;0,572;12956;8634,49;0,007890787;0
2010;68;Itaguara;0,002881431;4,402985075;0,019900498;0,811105723;0,691;12372;9242,9;-0,010637242;0
2008;69;Itajubá;0,00102259;3,318181818;0;0,941424273;0,691;89730;14468,22;0,024037317;0,271313942
2009;69;Itajubá;0,001399841;3;0;0,964810197;0,691;90225;16128,19;-0,003857953;0,274447215
2010;69;Itajubá;0,001658604;3,666666667;0;0,9129255;0,787;90658;21987,57;0,012785218;0,234419467
2011;69;Itajubá;0,000276842;4,833333333;0;0,912921379;0,787;91159;22845,3;-0,001474315;0,232791057
2012;69;Itajubá;4,62086E-05;3;0;0,912922973;0,787;91643;24690,6;-0,001476491;0,231212422
2013;69;Itajubá;0,000134789;6,333333333;0,333333333;0,912923952;0,787;94940;25383,2;0,028464489;0,229534443
2014;69;Itajubá;0,00022478;8,2;0;0,912923731;0,787;95491;28167,13;-0,000584086;0,228084322
2008;70;Itaobim;0,002940744;5,65;0;0,110540203;0,542;21603;6266,19;0,032018209;0
2009;70;Itaobim;0,004838;3,848484848;0;0,185539828;0,542;21618;6614,12;0,002940744;0,3155241
2010;70;Itaobim;0,006054341;4,024390244;0;0,228084377;0,629;21001;7157;-0,007183697;0
2011;70;Itaobim;0,003976436;4,222222222;0;0,292502741;0,629;20981;7647,39;0,002658004;0
2012;70;Itaobim;0,007640317;3,961538462;0;0,418348361;0,629;20961;8819,84;0,002356406;0
2013;70;Itaobim;0,003841229;2,074074074;0;0,407714776;0,629;21569;9308,09;0,032765207;0,228754231
2014;70;Itaobim;0,008367607;2,508474576;0;0,442038394;0,629;21566;11349,17;0,00312989;0,244644348
2008;71;Itapecerica;0,000590842;3,5;0;0,740904807;0,625;21220;7594,53;0,035326503;0
2009;71;Itapecerica;0,000440723;3;0;0,756415094;0,625;21200;7349,7;0,005465288;0
2010;71;Itapecerica;0,000305483;3,5;0;0,766010198;0,713;21377;9489,08;-0,038195975;0,133320859
2011;71;Itapecerica;0,000304739;4;0;0,771974939;0,713;21388;11532,04;0,002443867;0,136992706
2012;71;Itapecerica;0,000152022;3;0;0,771998692;0,713;21399;13169,37;0,00228554;0,136922286
2013;71;Itapecerica;0;0;0;0,772014147;0,713;22054;15419,06;0,032684707;0,132855718
2014;71;Itapecerica;0;0;0;0,771986233;0,713;22082;14991,71;0,002944207;0
2008;72;Itaúna;0,005226209;3,253731343;0,007462687;0,955236864;0,685;85070;16085,27;0,042700285;0,236040907
2009;72;Itaúna;0,002930064;3,157894737;0,013157895;0,95511312;0,685;85838;14261,7;0,011622465;0,236888092
2010;72;Itaúna;0,003957937;3,009803922;0,009803922;0,954775751;0,758;85463;19408,53;-0,00643843;0,245041714
2011;72;Itaúna;0,002613274;2,602941176;0,014705882;0,947447866;0,758;86124;22568,15;0,009700827;0,24800288
2012;72;Itaúna;0,002436981;3,375;0,015625;0,947211913;0,758;86762;25039,27;0,00926175;0,248461308
2013;72;Itaúna;0,000878445;3,291666667;0,041666667;0,9630234;0,758;90084;26735,53;0,040324423;0,248945429
2014;72;Itaúna;0,000616411;3,352941176;0;0,955608429;0,758;90783;27657,12;0,009443285;0,249363868
2008;73;Ituiutaba;0,00106927;5,434782609;0;0,947785106;0,653;96122;13799,04;0,053069617;0
2009;73;Ituiutaba;0,000319081;2,714285714;0,142857143;0,948542254;0,653;96759;18326,22;0,019897722;0,212517699
2010;73;Ituiutaba;0,002343445;2,592592593;0;0,956447911;0,739;97171;17385,38;0,050369222;0,214878925
2011;73;Ituiutaba;0,001745052;2,292682927;0;0,95644838;0,739;97792;19726,47;0,019615501;0,216940036
2012;73;Ituiutaba;0,000584991;2,785714286;0;0,956449711;0,739;98392;21154,57;0,018599702;0,220048378
2013;73;Ituiutaba;0,000716019;1,777777778;0;0,956449716;0,739;102020;24984,11;0,050434565;0,214261909
2014;73;Ituiutaba;0,000351727;2,555555556;0,111111111;0,956451456;0,739;102690;26181,24;0,017860695;0,244853442
2008;74;Iturama;0,007936508;2,027777778;0;1,027827675;0,669;32845;16292,68;0,031847134;0
2009;74;Iturama;0,012310398;2,5;0;1,038698805;0,669;33231;16896,29;0,002865961;0,080497126
2010;74;Iturama;0,017728905;2,303797468;0;0,946076155;0,747;34456;44396,87;-0,020444054;0,092959136
2011;74;Iturama;0,015684517;2,014285714;0;0,946087704;0,747;34890;51836,06;0,001570916;0,082717111
2012;74;Iturama;0,024171889;2,398148148;0,009259259;0,946074544;0,747;35308;52271,67;0,001120323;0,08173785
2013;74;Iturama;0,014319809;2,166666667;0;0,946086815;0,747;36837;48163,18;0,031557744;0,088226511
2014;74;Iturama;0,018189693;1,797619048;0;0,946079352;0,747;37277;41184,63;0,001952701;0,12388336
2008;75;Jacinto;0,002963681;4,381818182;0;0,327473553;0,471;12856;4523,86;0,027006087;0,689405725
2009;75;Jacinto;0,0027517;3,470588235;0;0,323918595;0,471;12923;4945,17;-0,001293243;0,6736052
2010;75;Jacinto;0,003071253;2,927272727;0;0,380501071;0,62;12134;4580,18;-0,033775763;0,717405637
2011;75;Jacinto;0,003640845;3,369230769;0;0,42774757;0,62;12138;5109,92;-0,003071253;0,778876256
2012;75;Jacinto;0,002640746;3,425531915;0;0,446713886;0,62;12142;5933,39;-0,003080715;0,843024213
2013;75;Jacinto;0,002243748;4,804878049;0,024390244;0,438494125;0,62;12511;6231,95;0,026688392;0,947726001
2014;75;Jacinto;0,001590348;3,896551724;0;0,496167359;0,62;12524;6645,86;-0,002079571;0,997524752
2008;76;Jaíba;0,000911577;2,5;0;0,018200139;0,467;31758;7077,57;0,035882908;0
2009;76;Jaíba;0,000453035;3,666666667;0;0,077757067;0,467;32190;8510,94;0,00607718;0
2010;76;Jaíba;0,000463356;5;0;0,226962813;0,638;33587;6949,28;-0,022274237;0
2011;76;Jaíba;0,000307669;4,25;0;0,232896011;0,638;34071;8743,58;0,004015754;0
2012;76;Jaíba;7,66166E-05;3;0;0,140681548;0,638;34539;9051,82;0,003922775;0,318480558
2013;76;Jaíba;0;0;0;0,166906754;0,638;36098;11163,9;0,034247625;0,310266497
2014;76;Jaíba;7,37518E-05;7;0;0,181408189;0,638;36586;11814,65;0,004444774;0,306128027
2008;77;Janaúba;0,001560355;3,346666667;0,013333333;0,099174284;0,58;67941;7654,79;0,045276618;0,54916766
2009;77;Janaúba;0,000574677;2,785714286;0;0,237410072;0,58;68527;7445,01;0,013668706;0,555883083
2010;77;Janaúba;0,000206105;3,7;0;0,282801671;0,696;66803;7336,72;-0,004186934;0,580902055
2011;77;Janaúba;0,000244514;4,083333333;0;0,300406256;0,696;67199;8461,26;0,011500649;0,594726112
2012;77;Janaúba;0,000483715;3,208333333;0,041666667;0,194744085;0,696;67581;9570,58;0,010982741;0,613959545
2013;77;Janaúba;0,000328763;3,882352941;0;0,235704801;0,696;70041;10360,9;0,042183973;0,610799389
2014;77;Janaúba;0,000382555;4,35;0;0,294755364;0,696;70472;11902,36;0,011042565;0,629824611
2008;78;Januária;0,001897533;3,461538462;0;0,241823647;0,541;67206;4861,22;0,04118541;0
2009;78;Januária;0,002455938;3,235294118;0;0,258486877;0,541;67516;4960,88;0,010363451;0
2010;78;Januária;0,003064664;3;0;0,09700136;0,658;65463;5189,38;-0,057208899;0,092647755
2011;78;Januária;0,001219698;2,875;0;0,106499406;0,658;65606;5581,84;0,005056696;0,097994086
2012;78;Januária;0,000910332;2,5;0;0,114261377;0,658;65744;6772,36;0,004878792;0,098837917
2013;78;Januária;0,000293083;3;0;0,140081031;0,658;67875;7505,93;0,035351237;0,096279926
2014;78;Januária;0;0;0;0,167971792;0,658;68065;8221,83;0,005275498;0,098141482
2008;80;Joaíma;0,001289921;4,551724138;0;0,725358976;0,442;15391;4136,74;0,031615656;0
2009;80;Joaíma;0,001109189;2,16;0;0,630043973;0,442;15464;4401,65;0,002535362;0
2011;80;Joaíma;0,001436201;2,4375;0;0,682853517;0,587;14971;4825,98;0,001753439;0
2008;82;João Pinheiro;0,003332963;6,122222222;0,022222222;0,656042289;0,581;44834;11848,68;0,033370326;0,07666057
2009;82;João Pinheiro;0,001733678;4,914893617;0;0,696190476;0,581;45150;11409,87;0,003962523;0,112469546
2010;82;João Pinheiro;0,001690162;4,5;0,022727273;0,711931065;0,697;45260;13633,13;-0,039727038;0,173994697
2011;82;João Pinheiro;0,001304832;5,441176471;0,058823529;0,778375294;0,697;45559;17463,77;0,000921907;0,181588709
2012;82;João Pinheiro;0,00061352;3,9375;0,0625;0,777503926;0,697;45848;18101,55;0,000844303;0,125043622
2013;82;João Pinheiro;0,00022314;5,166666667;0;0,812214768;0,697;47549;20143,85;0,031059473;0,135817788
2014;82;João Pinheiro;0,000148517;2,25;0;0,812220597;0,697;47870;22592,12;0,001636357;0,145310215
2008;83;Juiz de Fora;0,00158981;3,361445783;0,006024096;0,972132798;0,703;520612;13715,11;0,035811716;0,188168924
2009;83;Juiz de Fora;0,001275741;3,514925373;0,007462687;0,972236884;0,703;526706;14093,51;0,005956999;0,191423678
2010;83;Juiz de Fora;0,000983663;3,441176471;0,009803922;0,969710236;0,778;516247;19140,86;-0,012785971;0,198344978
2011;83;Juiz de Fora;0,000259182;2,962962963;0;0,970088957;0,778;520811;20142,36;0,004629005;0,19751695
2012;83;Juiz de Fora;8,60116E-05;3,333333333;0;0,97062973;0,778;525225;22687,73;0,004444487;0,196727117
2013;83;Juiz de Fora;0,00032317;4,714285714;0,142857143;0,971339446;0,778;545942;24172,71;0,035025851;0,195890772
2014;83;Juiz de Fora;0,000202126;3,454545455;0,045454545;0,947968985;0,778;550710;24913,8;0,004995291;0,195164424
2008;84;Juramento;0,00061506;3,285714286;0;0,438416422;0,535;4092;6781,06;0,038886353;0
2009;84;Juramento;0,001655341;3,210526316;0,052631579;0,459591042;0,535;4108;6987,5;0,008522977;0
2008;85;Lagoa da Prata;0,000918876;3;0;0,949541879;0,623;46276;12661,37;0,039574236;0
2009;85;Lagoa da Prata;0,00071554;3,090909091;0;0,966749633;0,623;47007;13998,84;0,008991861;0
2010;85;Lagoa da Prata;0,000616819;3,444444444;0;0,977252958;0,732;45984;17101,65;-0,050868406;0,208855254
2011;85;Lagoa da Prata;0,000614125;3,333333333;0,111111111;0,967468145;0,732;46539;18349,37;0,004386266;0,286727261
2012;85;Lagoa da Prata;0,000815439;3,833333333;0;0,96747812;0,732;47076;19530,59;0,004162402;0,284646104
2013;85;Lagoa da Prata;0,001182111;3,666666667;0;0,973578602;0,732;49089;22640,01;0,03472411;0,282446169
2014;85;Lagoa da Prata;0,001176547;3,722222222;0;0,973516736;0,732;49654;25468,87;0,004728443;0,280561485
2008;87;Lajinha;0,004256074;4,5;0;0,373747551;0,525;17865;8013,26;0,040789959;0
2009;87;Lajinha;0,004037921;4,434782609;0;0,384658898;0,525;17678;9013,87;0,010108175;0
2010;87;Lajinha;0,004221838;4,090909091;0;0,393696772;0,661;19609;8569,13;-0,085147472;0
2011;87;Lajinha;0,005741627;4,433333333;0;0,393556281;0,661;19616;11220,06;0,002686624;0
2012;87;Lajinha;0,001718541;4,444444444;0;0,403424727;0,661;19622;10779,1;0,002296651;0,110590154
2013;87;Lajinha;0,004067295;4,454545455;0;0,398733864;0,661;20219;12023,27;0,032843231;0,110984717
2014;87;Lajinha;0,001290323;4,142857143;0;0,422953411;0,661;20241;11983,21;0,002958033;0
2008;88;Lambari;0,007654535;3,169811321;0;0,586372411;0,627;19167;7468,64;0,033741415;0
2009;88;Lambari;0,003882657;2,888888889;0;0,58402619;0,627;19244;8020,59;0,004332756;0
2010;88;Lambari;0,003221083;2,863636364;0;0,600797791;0,711;19554;9185,63;-0,017831464;0
2011;88;Lambari;0,00350365;3,166666667;0;0,597710506;0,711;19655;12680,91;0,002928258;0,227931824
2012;88;Lambari;0,00276605;2,526315789;0;0,61791211;0,711;19752;11364,29;0,002773723;0,347762252
2013;88;Lambari;0,000986471;3,142857143;0;0,626509558;0,711;20453;11546,51;0,033047023;0,335843153
2014;88;Lambari;0,001123596;2,375;0;0,673069442;0,711;20564;13533,77;0,003382187;0,334030344
2008;89;Lavras;0,00144984;3,447761194;0,029850746;0,972583842;0,678;91333;12115,89;0,032762705;0,326377104
2009;89;Lavras;0,000517554;5,416666667;0;0,995634415;0,678;92542;13094,19;0,003462304;0,349873571
2010;89;Lavras;0,00043592;4,85;0,1;0,952885033;0,782;92200;16209,02;-0,010609851;0,358524946
2011;89;Lavras;0,000369525;5,588235294;0;0,95288048;0,782;93231;17631,3;0,002724499;0,461337967
2012;89;Lavras;0,000390244;3,666666667;0;0,952880248;0,782;94228;19376,62;0,002608412;0,496423568
2013;89;Lavras;0,000251852;3,25;0,166666667;0,952888807;0,782;98172;20975,39;0,03299729;0,390773337
2014;89;Lavras;0,000230111;4,545454545;0;0,952886757;0,782;99229;21271,22;0,003274078;0,458817483
2008;90;Lima Duarte;0,003314394;3,142857143;0;0,548375319;0,584;16434;6912,63;0,031854602;0
2009;90;Lima Duarte;9,44376E-05;5;0;0,709348854;0,584;16494;7150,62;0,002746212;0
2010;90;Lima Duarte;0,00011443;4;0;0,724503065;0,71;16149;7482,08;-0,174709604;0
2011;90;Lima Duarte;0,000115902;3;0;0,727244639;0,71;16183;8858,03;-0,012701682;0
2012;90;Lima Duarte;0;0;0;0,725764677;0,71;16216;9328,79;-0,012517385;0,43074741
2013;90;Lima Duarte;0,000462054;4,25;0;0,738530466;0,71;16740;12301,34;0,016079812;0,424014337
2014;90;Lima Duarte;0,00011685;3;0;0,765578458;0,71;16786;13232,6;-0,011435832;0,266531634
2008;91;Machado;0,003206573;4,109375;0;0,918995628;0,63;39109;15861,07;0,037100546;0
2009;91;Machado;0,001840888;4,72972973;0;0,918980485;0,63;39509;15797,31;0,007014379;0
2010;91;Machado;0,003710866;4,084507042;0;0,958591811;0,715;38688;15428,07;-0,048062093;0,259331059
2011;91;Machado;0,001980404;3,947368421;0;0,959980503;0,715;38981;19092,86;0,002874615;0,270105949
2012;91;Machado;0,001715088;3,606060606;0;0,953061328;0,715;39264;18450,51;0,002762143;0,272794417
2013;91;Machado;0,001358217;4,074074074;0;1;0,715;40760;18726,37;0,03315836;0,270583906
2014;91;Machado;0,001453853;3,379310345;0;1;0,715;41070;18630,06;0,003420695;0,272096421
2008;92;Malacacheta;0,000379788;4,765432099;0;0,502787495;0,482;18296;4378,54;0,015986967;0
2008;93;Manhuaçu;0,009897405;3,597560976;0;0,764310936;0,61;77598;14423,46;0,055145186;0,001984587
2009;93;Manhuaçu;0,010161881;3,790697674;0;0,777329686;0,61;78605;14101,64;0,021484611;0,005699383
2010;93;Manhuaçu;0,014820593;2,563909774;0;0,778746827;0,689;79574;13931,78;0,06038048;0,008985347
2011;93;Manhuaçu;0,024110844;2,823529412;0;0,953681858;0,689;80530;17936,36;0,021395142;0,014181051
2012;93;Manhuaçu;0,018714576;3,034285714;0;0,942851881;0,689;81455;18741,32;0,020183286;0,020354797
2013;93;Manhuaçu;0,005082334;2,78;0;0,904231521;0,689;84934;19292,66;0,052079991;0,028775284
2014;93;Manhuaçu;0,005086267;3;0;1;0,689;85909;21266,39;0,019211222;0,029833894
2008;94;Manhumirim;0,009895547;2,888888889;0;0,82296559;0,571;20866;14462,98;0,032740348;0
2009;94;Manhumirim;0,005296804;3,620689655;0;0,824018343;0,571;20934;10107,36;0,003298516;0
2010;94;Manhumirim;0,003271747;2,647058824;0,058823529;0,797072304;0,697;21382;10551,82;-0,050958904;0,194088486
2011;94;Manhumirim;0,004235657;3,818181818;0,045454545;0,797086611;0,697;21487;13498,67;-0,000384911;0
2012;94;Manhumirim;0,003659476;4,263157895;0;0,793533145;0,697;21587;13738,88;-0,00038506;0
2013;94;Manhumirim;0,001871257;2,7;0,1;0,766511545;0,697;22348;13661,38;0,029275809;0,239126544
2014;94;Manhumirim;0,001683502;3,333333333;0,111111111;0,762519475;0,697;22465;16427,09;0,000374251;0,237881148
2008;95;Mantena;0,0027121;3,58974359;0,051282051;0,771680709;0,57;27536;7098,2;0,02743641;0,534500291
2009;95;Mantena;0,001461785;2,571428571;0;0,668401015;0,57;27580;6953,6;-0,000973574;0,553299492
2010;95;Mantena;0,001959646;2,777777778;0,037037037;0,576149902;0,675;27111;7614,28;-0,040929974;0,465272399
2011;95;Mantena;0,000801049;2,272727273;0;0,780869886;0,675;27130;8754,01;-0,003338656;0,463398452
2012;95;Mantena;0,000365337;2,2;0;0,783446294;0,675;27148;10282,21;-0,00334984;0,461544128
2013;95;Mantena;0,000996583;2,285714286;0;0,773076511;0,675;27983;10525,17;0,026450387;0,459600472
2014;95;Mantena;0,002640217;2,621621622;0;0,777539878;0,675;28023;11553,11;-0,002420273;0,457838204
2008;96;Mariana;0,000951701;3,916666667;0,041666667;0,649706422;0,62;53989;41160,18;0,043748189;0,303765582
2009;96;Mariana;0,000979163;2,24;0;0,522518239;0,62;54689;26419,21;0,012451424;0,465907221
2010;96;Mariana;0,001070579;2,481481481;0;0,580460724;0,742;54219;68110,53;-0,012219959;0,375772331
2011;96;Mariana;0,000471106;7,083333333;0;0,628239288;0,742;54796;104415,23;0,00999207;0,37553836
2012;96;Mariana;0,000816644;2,666666667;0;0,67526602;0,742;55353;97386,27;0,009539887;0,371759435
2013;96;Mariana;0,00059793;2,5625;0,0625;0,649993928;0,742;57639;114734,39;0,040598872;0,375041205
2014;96;Mariana;0,000444132;2,083333333;0;0,698916422;0,742;58233;86042,63;0,009716357;0,374821836
2008;97;Martinho Campos;0,011714959;3,171597633;0,017751479;0,078853331;0,585;12593;13543,37;0,038813279;0
2009;97;Martinho Campos;0,008935936;3,715384615;0,007692308;0,35389354;0,585;12662;11261;0,008456953;0
2010;97;Martinho Campos;0,010602443;3,390728477;0,013245033;0,65315994;0,669;12611;12395,29;-0,021033819;0
2011;97;Martinho Campos;0,013608765;3,441025641;0,025641026;0,871843434;0,669;12672;13798,32;0,006108693;0,710227273
2012;97;Martinho Campos;0,012141816;3,434285714;0,011428571;0,428481659;0,669;12731;16883,5;0,005862237;0,711098892
2013;97;Martinho Campos;0,007161981;3,607476636;0,037383178;0,455007587;0,669;13180;15540,61;0,036564213;0,71168437
2014;97;Martinho Campos;0,009046162;3,132352941;0,014705882;0,556461353;0,669;13248;18164,23;0,006291834;0,708031401
2008;98;Matozinhos;0,000120054;3,857142857;0;0,581304435;0,647;34789;16327,35;0,051789451;0,230158958
2009;98;Matozinhos;0,000286157;3,882352941;0;0,722107115;0,647;35233;14729,36;0,01888281;0,259472653
2010;98;Matozinhos;0,00038161;4,086956522;0,043478261;0,794021499;0,731;33955;20436,98;0,014526663;0,27406862
2011;98;Matozinhos;8,15887E-05;2,8;0;0,812975652;0,731;34295;21663,88;0,016790828;0,280069981
2012;98;Matozinhos;0,000112428;5,428571429;0;0,760079713;0,731;34624;25067,34;0,015975066;0,273076479
2013;98;Matozinhos;6,13271E-05;4;0;0,755266298;0,731;36031;24701,16;0,047573159;0,268019206
2014;98;Matozinhos;0,000105681;6,714285714;0;0,789153977;0,731;36382;27051,92;0,015531093;0,323099335
2008;99;Medina;0,002043755;4,136363636;0;0,704168831;0,477;21181;4534,85;0,033309335;0
2009;99;Medina;0,002498612;3,925925926;0,018518519;0,723087852;0,477;21115;4851,74;0,003855265;0
2010;99;Medina;0,002931397;3,970149254;0,029850746;0,717777989;0,624;21026;5658,52;0,057560614;0
2011;99;Medina;0,001519427;3,285714286;0,028571429;0,717765384;0,624;20979;7018,39;0,007831642;0
2012;99;Medina;0,001292658;3,566666667;0;0,717779689;0,624;20934;7309,58;0,00751031;0
2013;99;Medina;0,002365342;3,842105263;0;0,71779854;0,624;21513;8654,57;0,038348845;0
2014;99;Medina;0,002346935;3,701754386;0,01754386;0,717756574;0,624;21485;8835,77;0,007842975;0
2008;100;Monte Carmelo;0,001758182;4,769230769;0,076923077;0,854274428;0,603;45819;14794,5;0,036154709;0
2009;100;Monte Carmelo;0,00120984;4,555555556;0;0,854246873;0,603;45975;12898,68;0,006086016;0
2010;100;Monte Carmelo;0,003088907;4,956521739;0;0,866621515;0,728;45772;16232,67;0,000940987;0,076334877
2011;100;Monte Carmelo;0,001201602;6;0;0,867322938;0,728;45916;19761,56;0,005909213;0,076639951
2012;100;Monte Carmelo;0,002389804;5,888888889;0;0,864857236;0,728;46055;18431,64;0,005607477;0,157463902
2013;100;Monte Carmelo;0;0;0;0,836894632;0,728;47595;23170,13;0,036112586;0,077865322
2014;100;Monte Carmelo;0;0;0;0,83749215;0,728;47770;26785,66;0,006022553;0,080699184
2008;101;Montes Claros;0,002901535;3,290322581;0;0,993189513;0,661;358271;9665,14;0,038188709;0
2009;101;Montes Claros;0,003064351;3,333333333;0;1,018233777;0,661;363227;10503,35;0,007955822;0
2010;101;Montes Claros;0,005502846;3,034482759;0;0,951679262;0,77;361915;13381,39;-0,021264741;0,023776301
2011;101;Montes Claros;0,007264151;3,246753247;0;0,951679025;0,77;366135;14915,18;0,0056926;0
2012;101;Montes Claros;0,010228019;3,211009174;0,009174312;0,95167956;0,77;370216;16672,24;0,005377358;0,024310132
2013;101;Montes Claros;0,008694077;2,979166667;0;0,951678941;0,77;385898;18250,2;0,03612649;0,023322225
2014;101;Montes Claros;0,008823265;3,091836735;0;0,951680112;0,77;390212;20102,68;0,005886615;0,023064386
2008;102;Muriaé;0,00419882;2,144144144;0,009009009;0,920146254;0,635;99006;8945,26;0,062284015;0,219966467
2009;102;Muriaé;0,002504143;2,455882353;0;0,916218332;0,635;99628;9311,71;0,027197761;0,223882844
2010;102;Muriaé;0,002132942;3,475409836;0;0,925172431;0,734;100765;12076,97;0,053176211;0,234267851
2011;102;Muriaé;0,002046455;2,233333333;0;0,925170806;0,734;101431;13491,36;0,025175705;0,244087113
2012;102;Muriaé;0,001932303;2,103448276;0;0,925171934;0,734;102074;15076,83;0,02377298;0,258959186
2013;102;Muriaé;0,001230556;2,538461538;0,025641026;1;0,734;105861;16446,47;0,055870203;0,261862253
2014;102;Muriaé;0,000648108;2,428571429;0;1;0,734;106576;16972,6;0,022370871;0,276638268
2008;103;Nanuque;0,000187582;3;0;0,779796564;0,596;41389;8652,03;0,039080012;0
2009;103;Nanuque;0,00278966;4,2;0;0,80945583;0,596;41329;8781,39;0,008628775;0
2010;103;Nanuque;0,002125809;5,818181818;0;0,831170103;0,701;40834;12878,17;-0,037660405;0
2011;103;Nanuque;0,00144203;3,8;0;0,841712856;0,701;40774;10800,43;0,005121268;0,117427773
2012;103;Nanuque;0,000765404;4,25;0;0,854921898;0,701;40716;12108,34;0,004806768;0,117595049
2013;103;Nanuque;0,000554426;4;0;0,843609705;0,701;41876;12983,79;0,035399923;0,114337568
2014;103;Nanuque;0,000183824;3;0;0,862085444;0,701;41852;13871,04;0,005359453;0,117676575
2008;105;Nova Lima;0,001434776;3,432432432;0,027027027;0,087528135;0,684;75530;33054,49;0,038247846;0,151793989
2009;105;Nova Lima;0,001000231;3,192307692;0,038461538;0,10681652;0,684;76608;27682,84;0,007988212;0,158782373
2010;105;Nova Lima;0,000642261;2,9375;0;0,113891701;0,813;80998;66318,77;-0,04162499;0,147818465
2011;105;Nova Lima;0,000759514;2,894736842;0,052631579;0,145722169;0,813;82273;84958,74;0,004174695;0,153963026
2012;105;Nova Lima;0,000318522;2,25;0;0,178643707;0,813;83507;94879,48;0,003997442;0,151687882
2013;105;Nova Lima;0,001385521;6,694444444;0,027777778;0,22926846;0,813;87391;109443,14;0,034519828;0
2014;105;Nova Lima;0,00091947;5,458333333;0,041666667;0,27975009;0,813;88672;103282,14;0,004579918;0,150115031
2008;106;Nova Serrana;0,00166377;3,033333333;0,011111111;0,890297042;0,614;65176;9144,92;0,044971603;0,712010556
2009;106;Nova Serrana;0,001112753;3,049180328;0;0,912119117;0,614;67967;9110,72;0,013402595;0,70354731
2010;106;Nova Serrana;0,000579786;2,193548387;0;0,895466696;0,715;73699;13707,68;-0,02464474;0,625368051
2011;106;Nova Serrana;0,000648172;2,8;0,057142857;0,917117753;0,715;76482;15769,03;0,009912471;0,608587642
2012;106;Nova Serrana;0,000568693;2,516129032;0;0,945676611;0,715;79174;18816,57;0,009500352;0,593477657
2013;106;Nova Serrana;0,001410437;2,5625;0,05;0,945665287;0,715;84550;19448,39;0,040523931;0,578261384
2014;106;Nova Serrana;0,001169917;2,805970149;0,014925373;0,945668118;0,715;87260;21136,44;0,009679126;0,565723126
2008;107;Novo Cruzeiro;0,002853546;4,088235294;0;0,194632805;0,427;31264;3279,7;0,029907511;0
2009;107;Novo Cruzeiro;0,00519829;3,387096774;0;0,19144928;0,427;31319;3599,39;0,001007134;0
2010;107;Novo Cruzeiro;0,003766801;4,045454545;0;0,234922701;0,571;30725;3667,2;-0,020625472;0,160716029
2011;107;Novo Cruzeiro;0,003509973;3,780487805;0;0,25200026;0,571;30746;4368,72;0;0
2012;107;Novo Cruzeiro;0,003167808;3,810810811;0;0,262651542;0,571;30767;4901,4;-8,56091E-05;0,341664771
2013;107;Novo Cruzeiro;0,003491272;3,619047619;0;0,259750907;0,571;31715;5213,87;0,029965753;0,338073467
2014;107;Novo Cruzeiro;0,004900739;3,644067797;0,016949153;0,270056675;0,571;31760;6520;0,00074813;0,337657431
2008;109;Ouro Branco;0,005165563;5,371794872;0,012820513;0,866596249;0,686;35029;72331,46;0,034671783;0
2009;109;Ouro Branco;0,005073466;5,597402597;0;0,89068358;0,686;35475;46864,97;0,005099338;0
2010;109;Ouro Branco;0,006589457;5,818181818;0,01010101;0,896251559;0,764;35268;58073,41;-0,010081044;0,137575139
2011;109;Ouro Branco;0,00470635;5,267605634;0;0,896248913;0,764;35643;70325,59;0,004126731;0,136127711
2012;109;Ouro Branco;0,003499505;4,924528302;0,018867925;0,896239516;0,764;36006;79036,22;0,003910911;0,150919291
2013;109;Ouro Branco;0,004212676;4,696969697;0,015151515;0,896244532;0,764;37492;78450,08;0,034466821;0,10615598
2014;109;Ouro Branco;0,003558493;4,107142857;0,035714286;0,896245842;0,764;37878;82185,95;0,00446799;0,109773483
2008;110;Ouro Fino;0,004374856;5,293233083;0,015037594;0,679221381;0,652;32365;9644,6;0,038072799;0,751768886
2009;110;Ouro Fino;0,002643776;4,012345679;0,037037037;0,820352952;0,652;32639;10493,77;0,007795796;0,763963357
2010;110;Ouro Fino;0,000863668;4,148148148;0,148148148;1;0,722;31568;12620,15;0,020366865;0,789882159
2011;110;Ouro Fino;0,000761276;4,958333333;0,041666667;0,994769017;0,722;31734;14957,8;0,008444757;0,807840171
2012;110;Ouro Fino;0,000597841;3,473684211;0,052631579;0,990185934;0,722;31893;15255,09;0,008088562;0,803812749
2013;110;Ouro Fino;0,00096911;3,34375;0;0,990191033;0,722;33031;15190,25;0,038985557;0,776119403
2014;110;Ouro Fino;0,001922095;2,921875;0,015625;0,990184862;0,722;33214;15453,33;0,008388855;0,771843199
2008;111;Ouro Preto;0,000222222;5;0;0,784133081;0,64;69251;36922,03;0,026459854;0,15039494
2009;111;Ouro Preto;0,000445269;2,666666667;0,166666667;0,781379955;0,64;69495;35868,58;-0,001851852;0,150643931
2010;111;Ouro Preto;0,000288351;2,25;0;0,667989926;0,741;70281;52883,39;0,029461967;0,151534554
2011;111;Ouro Preto;0,000287936;8;0;0,665075295;0,741;70589;77705,59;0,001441753;0,150873366
2012;111;Ouro Preto;0,000143771;2,5;0;0,662288745;0,741;70886;80103,69;0,001367694;0,150988912
2013;111;Ouro Preto;0,000209074;14,33333333;0;0,642462747;0,741;73349;91668,03;0,031485874;0,147663908
2014;111;Ouro Preto;0,000139092;12;0;0,642333786;0,741;73700;79116,61;0,002090738;0,149158752
2008;112;Paracatu;0,006774313;4;0,02739726;0,777030779;0,613;82850;13179,01;0,033371692;0,031550996
2009;112;Paracatu;0,007393715;4,525;0;0,867843466;0,613;83560;14672,66;0,004083148;0,031629966
2010;112;Paracatu;0,008314585;4,305882353;0;0,870794872;0,744;84718;20086,97;-0,055175601;0,032637692
2011;112;Paracatu;0,007435672;5;0,013157895;0,870798614;0,744;85448;24884,05;-0,000195637;0,033365322
2012;112;Paracatu;0,006752789;4,753623188;0,014492754;0,870799624;0,744;86153;31081,58;-0,000293513;0,034287837
2013;112;Paracatu;0,002946488;4,548387097;0;0,870791913;0,744;89530;32536,89;0,029653553;0,034167318
2014;112;Paracatu;0,006649568;4,228571429;0;0,870799832;0,744;90294;31669,31;0,000570288;0,034487341
2008;113;Pará de Minas;0,001286932;4,541666667;0,041666667;0,910688984;0,643;83282;14333,45;0,027662975;0
2009;113;Pará de Minas;0,001556211;3,655172414;0,068965517;0,930480395;0,643;84264;15997,44;-0,00075071;0
2010;113;Pará de Minas;0,001656514;3,193548387;0,032258065;0,945187912;0,725;84215;18718,98;0,004239335;0,199916879
2011;113;Pará de Minas;0,000587575;3,272727273;0,181818182;0,945190183;0,725;85076;20267,61;0,000374052;0,197893648
2012;113;Pará de Minas;0,001548566;3,24137931;0,034482759;0,945185547;0,725;85908;22507,32;0,000320496;0,196116776
2013;113;Pará de Minas;0,001295471;2,44;0;0,945190006;0,725;89418;24329,45;0,030490735;0,194155539
2014;113;Pará de Minas;0,001190538;2,304347826;0;0,945186366;0,725;90306;26097,77;0,001088196;0,192678227
2008;114;Paraguaçu;0,001008573;3,7;0;0,822327276;0,635;20307;10499,39;0,045114367;0
2009;114;Paraguaçu;0,000597074;3,333333333;0;0,928288218;0,635;20429;10206;0,013514876;0,281952127
2010;114;Paraguaçu;0,001498041;3,076923077;0;0,844109657;0,715;20245;13158,38;-0,136431486;0,265645838
2011;114;Paraguaçu;0,000690369;3;0;0,84060749;0,715;20346;15263,35;0,001498041;0,26432714
2012;114;Paraguaçu;0,000574581;3;0;0,874669797;0,715;20442;15920,04;0,001265677;0,337295764
2013;114;Paraguaçu;0,001336749;2,833333333;0;0,880740881;0,715;21164;16289,91;0,031601931;0,326025326
2014;114;Paraguaçu;0,001778568;3;0;0,889264899;0,715;21276;17383,12;0,00211652;0,326659146
2008;115;Paraisópolis;0,001033668;2,428571429;0;0,724137931;0,629;18734;15062,13;0,029648776;0,195900502
2009;115;Paraisópolis;0,001475361;1,9;0;0,699957546;0,629;18844;14619,98;0,000886001;0,207493101
2010;115;Paraisópolis;0,002894136;2,578947368;0;0,84013623;0,729;19379;15978,72;-0,031425199;0,190309097
2011;115;Paraisópolis;0,001982009;2,846153846;0;0,838864987;0,729;19524;15703,41;-0,000913938;0,188742061
2012;115;Paraisópolis;0,000915751;5,333333333;0;0,838791701;0,729;19664;14970,62;-0,001067236;0,187194874
2013;115;Paraisópolis;0,001038422;2,142857143;0;0,846986771;0,729;20410;17483,42;0,028846154;0,185546301
2014;115;Paraisópolis;0,00103873;3;0;1;0,729;20563;17080,4;-0,000296692;0,184117104
2009;116;Passa Quatro;0,000303438;2,714285714;0;0,836078456;0,641;15907;8750,87;0,007423905;0
2008;117;Passos;0,000697107;2,375;0;0,938173982;0,655;106735;10267,03;0,04109589;0
2009;117;Passos;0,000776331;2,666666667;0;0,940075637;0,655;107619;11011,7;0,01019519;0
2010;117;Passos;0,000164258;3;0;0,938300875;0,756;106290;13249,36;0,050288967;0,08427886
2011;117;Passos;0,000405647;2,4;0;0,937637283;0,756;106987;15246,19;0,012319317;0,114967239
2012;117;Passos;0,000160385;2,5;0;0,937173164;0,756;107661;16684,78;0,011682622;0,077177437
2013;117;Passos;0,00030755;3;0;0,940206536;0,756;111651;17498,31;0,04298316;0,079049897
2014;117;Passos;0,000227998;2,666666667;0;0,94020569;0,756;112402;18722,39;0,011686914;0
2008;119;Pedralva;0,000768115;4;0;0,520661881;0,571;11422;7159,71;0,040124279;0
2009;119;Pedralva;0,000760906;3,555555556;0;0,532552198;0,571;11351;7081,32;0,009473415;0
2010;119;Pedralva;0,002002089;3,739130435;0;0,485131246;0,675;11467;6696,95;-0,02874535;0,793232755
2011;119;Pedralva;0,000864902;3,9;0;0,485121652;0,675;11426;8938,02;0,006441504;0,80124278
2012;119;Pedralva;0,000429812;2,4;0;0,485157211;0,675;11386;9500,28;0,006140806;0,808975935
2013;119;Pedralva;0,000912031;2,636363636;0;0,485149362;0,675;11683;8850,78;0,036791885;0,817427031
2014;119;Pedralva;0,000411828;2,2;0;0,485152763;0,675;11652;10519,69;0,006632949;0,825008582
2008;120;Pedro Leopoldo;0,003524653;2,613636364;0;0,680429777;0,67;58635;14305,34;0,02791387;0
2009;120;Pedro Leopoldo;0,002845463;2,492957746;0;0,685646079;0,67;59064;14661,43;-0,000600793;0
2010;120;Pedro Leopoldo;0,00407508;2,848484848;0;0,701447055;0,757;58740;19335,87;-0,026370632;0,238219271
2011;120;Pedro Leopoldo;0,007588255;2,684782609;0;0,705976728;0,757;59213;23197,76;-0,001893472;0,000422205
2012;120;Pedro Leopoldo;0,005247067;2,960629921;0;0,71444612;0,757;59670;24808,03;-0,001814583;0,388771577
2013;120;Pedro Leopoldo;0,007193955;2,636871508;0;0,705381202;0,757;61975;25816,72;0,028011899;0,138362243
2014;120;Pedro Leopoldo;0,016936198;2,522565321;0;0,710530949;0,757;62473;25384,95;-0,000964553;0,13967634
2008;123;Piumhi;0,003912543;2,882352941;0;0,840355936;0,657;32253;12009,03;0,036745407;0
2009;123;Piumhi;0,011888432;2,923076923;0;0,837507673;0,657;32580;14941,02;0,006674338;0
2010;123;Piumhi;0,014365717;3;0;0,866919675;0,737;31883;15043,28;-0,061042524;0,117335257
2011;123;Piumhi;0,00097229;2,5;0;0,896796488;0,737;32121;20526,36;0,001704407;0,116465863
2012;123;Piumhi;0,003640777;2,266666667;0;0,893298714;0,737;32352;19944,2;0,001458435;0,115634273
2013;123;Piumhi;0;0;0;0,895890411;0,737;33580;15236,52;0,031553398;0,113311495
2014;123;Piumhi;0;0;0;0,895900452;0,737;33833;19806,72;0,002352941;0,114680933
2008;124;Poços de Caldas;0,002420798;2,652173913;0;0,956807355;0,716;150095;19137,52;0,034629206;0
2009;124;Poços de Caldas;0,000523615;2,8;0;0,967850564;0,716;151449;18609,93;0,0050521;0,039597488
2010;124;Poços de Caldas;0,000315093;2,333333333;0;0,963689441;0,779;152435;24538,88;-0,002932244;0,040561551
2011;124;Poços de Caldas;0,000209096;4;0;0,973693455;0,779;153726;27660,43;0,004621363;0,042204962
2012;124;Poços de Caldas;0;0;0;0,973685909;0,779;154974;31220,24;0,004391009;0,042368397
2013;124;Poços de Caldas;0,000201167;2;0;0,9979941;0,779;161025;36331,2;0,034870407;0,041620866
2014;124;Poços de Caldas;0,00030027;2,666666667;0;0,997807598;0,779;162379;39985,71;0,004928586;0,041815752
2008;126;Porteirinha;0,012763182;3,072992701;0;0,251366264;0,482;37877;3796,77;0,038305281;0,157879452
2009;126;Porteirinha;0,019410297;3;0;0,282173247;0,482;37842;4012,68;0,007918763;0,166983775
2010;126;Porteirinha;0,016647961;2,983146067;0;0,30908656;0,651;37627;4543,28;-0,011738608;0,168602333
2011;126;Porteirinha;0,018494424;3,110552764;0;0,325684048;0,651;37607;5190,67;0,006359895;0,175898104
2012;126;Porteirinha;0,020136708;2,967889908;0;0,236777695;0,651;37588;5876,18;0,006133829;0,239092263
2013;126;Porteirinha;0,023699216;2,992481203;0;0,250251958;0,651;38697;6450,39;0,036763347;0,236349071
2014;126;Porteirinha;0,012658228;3,846153846;0;0,26458963;0,651;38709;7050,74;0,00650392;0,25428195
2008;128;Pouso Alegre;0,002142857;5,538461538;0;1,010539255;0,69;126100;17567,73;0,032565528;0
2009;128;Pouso Alegre;0,003066645;4,910714286;0;1,014057543;0,69;127974;20033,53;0,003351648;0
2010;128;Pouso Alegre;0,000395034;8,714285714;0;0,915591624;0,774;130615;23915,64;-0,029625979;0,012425832
2011;128;Pouso Alegre;0,000563666;6;0;0,915595153;0,774;132445;27096,72;0,001185102;0,019555287
2012;128;Pouso Alegre;0,000112606;3;0;0,915590657;0,774;134215;31255,6;0,001127332;0,022724733
2013;128;Pouso Alegre;0,000163791;7,333333333;0;0,915591593;0,774;140223;36668,99;0,031248241;0,029182089
2014;128;Pouso Alegre;0,000871935;2,75;0,0625;0,915592688;0,774;142073;41742,99;0,001856301;0,038937729
2008;129;Raul Soares;0,002029347;3,192307692;0,076923077;0,615140673;0,548;24596;5807,32;0,042303938;0,4907302
2009;129;Raul Soares;0,001852424;2,75;0;0,487157604;0,548;24606;6101,84;0,011239463;0,49093717
2010;129;Raul Soares;0,004203039;2,692307692;0,057692308;0,534805609;0,655;23818;6383,21;-0,045075641;0,42132001
2011;129;Raul Soares;0,000722601;3,444444444;0;0,540932599;0,655;23783;8037,39;0,006708697;0,421940041
2012;129;Raul Soares;0,00159566;2,95;0;0,599839987;0,655;23748;8436,47;0,006342834;0,422856662
2013;129;Raul Soares;0,002154012;2,964285714;0;0,626376776;0,655;24423;8754,78;0,03709909;0,427998198
2014;129;Raul Soares;0,002063116;3,111111111;0;0,642535234;0,655;24408;9794,55;0,006769752;0,435103245
2008;130;Ribeirão das Neves;0,005352066;3,25;0;0,533436461;0,577;340033;4409,33;0,040097417;0
2009;130;Ribeirão das Neves;0,00472167;4,526315789;0;0,590695291;0,577;349307;4903,54;0,009533367;0,012195576
2010;130;Ribeirão das Neves;0,005424648;4,65625;0;0,735938201;0,684;296317;5849,66;-0,02269715;0,016681459
2011;130;Ribeirão das Neves;0,003704015;4,681818182;0;0,794511042;0,684;299729;6725,48;0,00686557;0
2012;130;Ribeirão das Neves;0,003679853;4,954545455;0;0,819208723;0,684;303029;8291,9;0,006566209;0,015846668
2013;130;Ribeirão das Neves;0,001128759;6,5;0;0,885260228;0,684;315819;9103,18;0,037300326;0,016452462
2014;130;Ribeirão das Neves;0,003603171;5,4;0;0,923842034;0,684;319310;10315,41;0,006933806;0,016388463
2008;132;Sacramento;0,001986815;3,46969697;0;0,805138254;0,628;22965;24830,6;0,041903209;0
2009;132;Sacramento;0,003364998;3,327433628;0;0,945266528;0,628;23112;22804,56;0,010897378;0
2010;132;Sacramento;0,010846931;2,931232092;0;0,825661199;0,732;23896;23783,65;-0,041868914;0
2011;132;Sacramento;0,00827467;3,052238806;0,01119403;0,806624331;0,732;24093;27600,71;0,006620047;0,668243888
2012;132;Sacramento;0,006902899;3,164444444;0,008888889;0,80661368;0,732;24283;29692,7;0,006391256;0,705761232
2013;132;Sacramento;0,008075967;3,124542125;0,007326007;0,828543112;0,732;25225;30563,56;0,037091578;0,708582755
2014;132;Sacramento;0,013957042;3,157894737;0,004210526;0,991742686;0,732;25432;31064,14;0,006774346;0,750865052
2008;133;Salinas;0,005227526;3,557377049;0;0,590167754;0,535;38628;5602,6;0,031058096;0
2009;133;Salinas;0,004147781;3,773195876;0;0,623836655;0,535;38789;6123,33;0,002056732;0,389337183
2010;133;Salinas;0,005392608;3,707317073;0,008130081;0,651232835;0,679;39178;7638;-0,024672881;0,385471438
2011;133;Salinas;0,005302366;3,909090909;0,041322314;0,676912135;0,679;39367;8396,29;0,000482266;0,457235756
2012;133;Salinas;0,00446761;3,647058824;0,009803922;0,814538559;0,679;39550;9987,63;0,000482033;0
2013;133;Salinas;0,003017681;4,478873239;0;0,817546773;0,679;40942;10852,38;0,030528667;0,295857555
2014;133;Salinas;0,004754425;4,241071429;0,017857143;0,879118205;0,679;41098;11451,25;0,001232574;0,294734537
2008;134;Santa Luzia;0,007959932;3,921348315;0;0,744497401;0,608;227438;7502,62;0,032600665;0
2009;134;Santa Luzia;0,00873596;3,448979592;0;0,767882663;0,608;231607;7711,45;0,003309185;0,036397864
2010;134;Santa Luzia;0,010532419;3,862385321;0;0,898803599;0,715;202942;10979,47;-0,077464789;0,038232598
2011;134;Santa Luzia;0,009785873;3,376237624;0;0,90720267;0,715;204327;11878,51;-0,002705575;0,037870668
2012;134;Santa Luzia;0,007869426;3,308641975;0;0,914959206;0,715;205666;12910,11;-0,002712915;0,037522002
2013;134;Santa Luzia;0,010688611;3,584070796;0;0,896393166;0,715;213345;14814,38;0,0271058;0,037151093
2014;134;Santa Luzia;0,015256325;3,01863354;0;0,91722292;0,715;214830;15105,19;-0,0017972;0,036829121
2008;135;Santa Rita de Caldas;0,002153077;2,548387097;0,032258065;0,50487413;0,599;9335;10262,8;0,046670544;0
2009;135;Santa Rita de Caldas;0,000889741;3,538461538;0;0,522661524;0,599;9333;10923,42;0,014793721;0
2010;135;Santa Rita de Caldas;0,001571092;2,636363636;0;0,555666334;0,69;9027;9719,93;-0,041612484;0,947269303
2011;135;Santa Rita de Caldas;0,001697073;2,625;0;0,577486679;0,69;9008;11230,21;0,009926444;0
2008;136;Santa Rita do Sapucaí;0,001528544;3,086956522;0;0,873866308;0,654;35724;17101,37;0,045293505;0,418710111
2009;136;Santa Rita do Sapucaí;0,002294631;3,142857143;0;0,892973721;0,654;36150;16514,73;0,013690437;0,421936376
2010;136;Santa Rita do Sapucaí;0,001904762;2,222222222;0;0,859723473;0,721;37754;24778,57;-0,070674621;0,36314033
2011;136;Santa Rita do Sapucaí;0,001121076;2,5;0,0625;0,85972342;0,721;38253;26979,01;0,006843034;0,368624683
2012;136;Santa Rita do Sapucaí;0,001809829;2,730769231;0;0,859735633;0,721;38734;28863,57;0,006586323;0,366602984
2013;136;Santa Rita do Sapucaí;0,000671051;2,5;0;0,859725485;0,721;40435;31325,46;0,037310316;0,368368987
2014;136;Santa Rita do Sapucaí;0,00113288;2,352941176;0;0,85972497;0,721;40941;33238,44;0,006978929;0
2008;137;Santo Antônio do Monte;0,008285886;4,905027933;0,016759777;0,850782284;0,623;25694;8656,59;0,029400553;0,092939986
2009;137;Santo Antônio do Monte;0,006429827;4,410071942;0,021582734;0,868913858;0,623;25899;8488,65;0,000694348;0,154870844
2010;137;Santo Antônio do Monte;0,007380601;3,787096774;0,032258065;0,85439846;0,724;25975;10054,24;-0,028541031;0,184408085
2011;137;Santo Antônio do Monte;0,004241933;3,764044944;0,011235955;0,854402323;0,724;26168;11569,81;-0,000952336;0,234523082
2012;137;Santo Antônio do Monte;0,005104718;3,747663551;0,018691589;0,854399879;0,724;26353;14446,22;-0,000953243;0,332751489
2013;137;Santo Antônio do Monte;0,001251797;4,407407407;0,037037037;0,854416496;0,724;27352;14957,48;0,02900625;0,321512138
2014;137;Santo Antônio do Monte;0,000463693;2,6;0;0,854405574;0,724;27556;15620,13;-0,000139089;0,345950065
2008;138;São Francisco;0,003049814;2,133333333;0;0,097782883;0,485;54846;3767,81;0,052500178;0
2009;138;São Francisco;0,001861331;2,607142857;0;0,449085073;0,485;55141;4077,02;0,019518807;0,185887089
2010;138;São Francisco;0,002855888;3;0;0,476201977;0,638;53828;4624,7;-0,092202353;0
2011;138;São Francisco;0,002174386;3;0;0,481770882;0,638;54007;5097,39;0,010325132;0
2012;138;São Francisco;0,001507321;2,952380952;0;0,179771133;0,638;54180;5792,35;0,009784736;0,17997416
2013;138;São Francisco;0,00089649;2,923076923;0;0,276967305;0,638;56003;6461,8;0,040841229;0
2014;138;São Francisco;0,000136565;3;0;0,368625149;0,638;56217;7012,45;0,00993035;0,182329189
2008;139;São Gotardo;0,002780396;3,050847458;0,033898305;0,772966247;0,627;32145;10711,22;0,027453639;0,489096282
2009;139;São Gotardo;0,00240566;2,470588235;0,019607843;0,810926949;0,627;32580;11449,34;-0,000942507;0,492203806
2010;139;São Gotardo;0,003602002;2,883116883;0,012987013;0,858889343;0,736;31819;10865,98;0,008349057;0,514629624
2011;139;São Gotardo;0,002898822;2,677419355;0;0,901496531;0,736;32141;12137,52;0,000514572;0,513705236
2012;139;São Gotardo;0,003037525;2,738461538;0,015384615;0,918217675;0,736;32452;14056,54;0,000514307;0,509059534
2013;139;São Gotardo;0,002267162;2,64;0,02;0,908627939;0,736;33774;16132,48;0,030608907;0,504115592
2014;139;São Gotardo;0,003577574;2,911392405;0,050632911;0,922567215;0,736;34107;16691,49;0,001269611;0,499809423
2008;140;São João Batista do Glória;0,001851484;3,357142857;0;0,827595897;0,607;7117;48417,48;0,039310013;0
2008;141;São João del Rei;0,000775832;3,893939394;0,015151515;0,088060756;0,673;84930;9868,08;0,039556169;0,956811492
2009;141;São João del Rei;0,000850439;3,383561644;0,04109589;0,087470615;0,673;85503;9617,93;0,009027859;0,958855245
2010;141;São João del Rei;0,0012052;3,514563107;0;0,094152884;0,758;84469;12146,86;-0,004368695;0,966011199
2011;141;São João del Rei;0,000847615;3,273972603;0;0,100719509;0,758;84919;14261,6;0,007734341;0,960892144
2012;141;São João del Rei;0,000887485;3,571428571;0,025974026;0,111946856;0,758;85353;15488,8;0,007407923;0,962848406
2013;141;São João del Rei;0,000610541;3,309090909;0;0,115412024;0,758;88405;16952,55;0,038288652;0,981313274
2014;141;São João del Rei;0,000848176;3,545454545;0;0,121212121;0,758;88902;18334,92;0,007759425;0,975827315
2008;143;São Lourenço;0,011660831;2,169712794;0;0,903330568;0,699;42185;8339,79;0,042863947;0,800260756
2009;143;São Lourenço;0,007613373;2,209486166;0,003952569;1;0,699;42688;8679,12;0,011752169;0,808587894
2010;143;São Lourenço;0,009026004;2,192926045;0;1;0,759;41657;12455,69;0,03686317;0,782533548
2011;143;São Lourenço;0,007566638;2,113636364;0;0,991337665;0,759;42021;14017,17;0,012595774;0,785535804
2012;143;São Lourenço;0,009827801;2,149855908;0;0,983125649;0,759;42372;16109,11;0,01198051;0,788350798
2013;143;São Lourenço;0,007492467;2,028985507;0;0,989985694;0,759;44037;16943,81;0,043304634;0,791402684
2014;143;São Lourenço;0,007135767;2,101503759;0,007518797;0,990003827;0,759;44417;18418,03;0,011944512;0,793997794
2008;144;São Tiago;0,000861645;4,928571429;0,071428571;0,443858327;0,565;10616;6388,31;0,048528653;0
2009;144;São Tiago;0,000847817;4;0,071428571;0,66322217;0,565;10645;6529,86;0,0163097;0
2010;144;São Tiago;0,000641998;5,636363636;0;0,687434902;0,662;10561;6926,53;0,037606734;0
2011;144;São Tiago;0,000746654;12,76923077;0;0,708955224;0,662;10586;7986,67;0,016166686;0
2013;144;São Tiago;0,000162092;5;0;0,584938384;0,662;10955;10476,92;0,046891793;0,688361479
2014;144;São Tiago;0,000425872;6,25;0;0,605133807;0,662;10986;11579,36;0,014966501;0,844165301
2008;145;Serro;0,02022402;3,423076923;0;0,295756955;0,493;21494;4852,25;0,034938013;0,195868614
2009;145;Serro;0,024220382;3,552715655;0;0,320696864;0,493;21525;5217,19;0,005211574;0,194471545
2010;145;Serro;0,02752596;3,01497006;0;0,392080634;0,656;20835;5792,98;-0,061053935;0,221598272
2011;145;Serro;0,017630582;2,261682243;0;0,416050331;0,656;20822;6272,73;0,000329652;0,249351647
2012;145;Serro;0,014000988;2,194117647;0,005882353;0,431640156;0,656;20809;7288,93;0,000329544;0,260656447
2013;145;Serro;0,01414755;2,355932203;0;0,437462066;0,656;21419;8450,15;0,03039038;0,256127737
2014;145;Serro;0,015410412;2,419689119;0;0,462633618;0,656;21423;9120,67;0,001039086;0,290062083
2008;146;Sete Lagoas;0,004307444;1,28125;0;0,943002471;0,66;221764;21391,8;0,028235294;0
2009;146;Sete Lagoas;0;0;0;0,949001145;0,66;225358;18217,73;-0,000403823;0,018601514
2010;146;Sete Lagoas;0,000266596;5;0;0,948998842;0,76;214152;27190,17;0,010234312;0,021339983
2011;146;Sete Lagoas;0,000266276;2;0;0,95;0,76;216400;29592,2;0,00119968;0,021118299
2012;146;Sete Lagoas;0,000132979;4;0;0,949998627;0,76;218574;31398,79;0,001198243;0,020908251
2013;146;Sete Lagoas;0,000128949;2;0;0,949998023;0,76;227571;35770,19;0,03125;0,020758357
2014;146;Sete Lagoas;0;0;0;0,955991422;0,76;229887;34688,47;0,001934236;0,020575326
2008;147;Teófilo Otoni;0,001668871;3,339622642;0;0,746684442;0,589;130521;7999,41;0,045152373;0,004428406
2009;147;Teófilo Otoni;0,000403852;3,153846154;0;0,774757311;0,589;130517;8848,55;0,013602872;0,019177578
2010;147;Teófilo Otoni;0,000148867;3,6;0;0,766002449;0,701;134745;10878,66;0,043398571;0,056573528
2011;147;Teófilo Otoni;0,000234804;6,5;0;0,780879589;0,701;135154;11895,06;0,014410337;0,058710804
2012;147;Teófilo Otoni;0,00052115;4,166666667;0;0,801872386;0,701;135549;12672,82;0,013736022;0,035846816
2013;147;Teófilo Otoni;0,000387833;4,857142857;0,071428571;0,803993803;0,701;140067;13734,21;0,045137381;0,043015128
2014;147;Teófilo Otoni;0,000300661;4,181818182;0;0,816920045;0,701;140567;15379,33;0,013518755;0,047215918
2008;148;Três Corações;0,000897838;4,704918033;0;0,873842825;0,635;74859;18178,23;0,039059752;0,090009217
2009;148;Três Corações;0,000977717;5,820895522;0,014925373;0,879051415;0,635;75776;17739,28;0,008625131;0,214698585
2010;148;Três Corações;0,000508959;5,382352941;0;0,904638219;0,744;72765;20727,86;-0,025157967;0,259630317
2011;148;Três Corações;0,000491079;3,939393939;0;0,904634642;0,744;73339;22859,19;0,005927877;0,275256003
2012;148;Três Corações;0,000636274;5,279069767;0;0,904633664;0,744;73894;23587,28;0,005684608;0,178106477
2013;148;Três Corações;0,000442598;6,451612903;0,064516129;0,904644616;0,744;76734;23141,12;0,036400764;0,215145828
2014;148;Três Corações;0,000964922;8,735294118;0,029411765;0,904641841;0,744;77340;23836,24;0,006153539;0,268580295
2008;149;Três Marias;0,002157545;4,055172414;0,006896552;0,812753183;0,641;27648;29131,8;0,034177118;0,587818287
2009;149;Três Marias;0,000518396;6,4;0,028571429;0,811318736;0,641;28042;31620,46;0,004612683;0,622352186
2010;149;Três Marias;0,000351344;5,52173913;0,086956522;0,840772653;0,752;28318;34732,38;-0,030407607;0,224239
2011;149;Três Marias;0,000259123;6,470588235;0;0,854861765;0,752;28683;33850,46;0,00218444;0,243593766
2012;149;Três Marias;0,000167316;5,272727273;0;0,866062819;0,752;29036;32674,56;0,002103466;0,258713321
2013;149;Três Marias;8,83978E-05;5,666666667;0;0,852781995;0,752;30302;37544,76;0,032413604;0,313774668
2014;149;Três Marias;8,8151E-05;5;0,166666667;0,865973332;0,752;30673;40031,97;0,002799263;0,372738239
2008;150;Três Pontas;0;0;0;0,869482941;0,626;53901;10553,4;0,026306857;0
2009;150;Três Pontas;0,000662691;3,25;0;0,866257918;0,626;54149;9967,28;-0,001819084;0
2010;150;Três Pontas;0,000370714;3;0;0,85926476;0,731;53860;12310,8;-0,106196156;0,074043817
2011;150;Três Pontas;0;0;0;0,863308554;0,731;54078;14856,58;-0,010009268;0,068456674
2012;150;Três Pontas;0;0;0;0,8757391;0,731;54289;14930,57;-0,009923235;0,071653558
2013;150;Três Pontas;0;0;0;0,875258209;0,731;56156;15320,51;0,018721634;0,070286345
2014;150;Três Pontas;0,000187266;2;0;0,888171891;0,731;56408;17515,5;-0,008724708;0,069972344
2008;151;Tupaciguara;0,003540223;3,531914894;0,021276596;0,774588097;0,634;23792;11798,16;0,023987659;0
2009;151;Tupaciguara;0,003780718;3,5;0;0,796946437;0,634;23841;12346,58;-0,003841519;0,209764691
2010;151;Tupaciguara;7,78331E-05;3;0;0,8475277;0,719;24188;11686,28;-0,028506616;0,213452952
2011;151;Tupaciguara;0;0;0;0,858473075;0,719;24271;15196,66;-0,004825654;0,214329859
2012;151;Tupaciguara;0;0;0;0,901437372;0,719;24350;16229,27;-0,004692633;0,246406571
2013;151;Tupaciguara;0;0;0;0,905804299;0,719;25171;17212,36;0,024752475;0,258233682
2014;151;Tupaciguara;0;0;0;0,908227472;0,719;25269;19755,15;-0,003680699;0,257232182
2008;152;Turmalina;0,003738092;3,064516129;0;0,460560789;0,516;17939;5536,06;0,037403052;0,47466414
2009;152;Turmalina;0,006065443;3,447368421;0,006578947;0,50810632;0,516;18134;5542,82;0,007275212;0,457372891
2010;152;Turmalina;0,009987153;3,518672199;0,004149378;0,558903351;0,682;18055;7681,92;-0,03707103;0,468900582
2011;152;Turmalina;0,005035912;3,114754098;0,016393443;0,617769729;0,682;18222;9141,9;0,003936845;0,681044891
2012;152;Turmalina;0,004975943;2,892561983;0,016528926;0,652124245;0,682;18383;10240,76;0,003756295;0,731926236
2013;152;Turmalina;0,002425447;2,868852459;0;0,662237104;0,682;19114;10488,83;0,03425587;0,71785079
2014;152;Turmalina;0,000395883;2,3;0;0,67959353;0,682;19288;14848,33;0,004373757;0,751970137
2008;153;Uberaba;0,008316549;3,21875;0,0078125;0,986678159;0,692;292377;21279,05;0,03427189;0,038183578
2009;153;Uberaba;0,007759959;2,933333333;0,016666667;0,961871458;0,692;296261;21904,7;0,004743032;0,032886543
2010;153;Uberaba;0,005220534;3,41025641;0,076923077;0,980641107;0,772;295988;24661,21;-0,033820486;0,03381556
2011;153;Uberaba;0,002404649;2,805555556;0;0,980107629;0,772;299361;27143,62;0,002007898;0,034149405
2012;153;Uberaba;0,0032;2,895833333;0,020833333;0,985096969;0,772;302623;31060,69;0,001937078;0,03408201
2013;153;Uberaba;0,002648066;3,073170732;0,024390244;0,979997463;0,772;315360;34449,63;0,0322;0,033247717
2014;153;Uberaba;0,001288411;4,15;0,05;0,979997679;0,772;318813;36403,22;0,002583479;0,033477305
2008;154;Uberlândia;0,000643639;3,9375;0,020833333;0,956084191;0,702;622441;22926,5;0,040721203;0,11575555
2009;154;Uberlândia;0,000464684;3,057142857;0,028571429;0,9565142;0,702;634345;25484,48;0,0099764;0,113583302
2010;154;Uberlândia;0,000842277;4,532258065;0,048387097;0,973447591;0,789;604013;31569,3;-0,022703133;0,121316925
2011;154;Uberlândia;0,000377654;4,392857143;0,035714286;0,97245483;0,789;611904;31954,7;0,007227279;0,120934003
2012;154;Uberlândia;0,000575983;5,255813953;0,023255814;0,972274412;0,789;619536;36861,91;0,006919155;0,119955902
2013;154;Uberlândia;0,000387227;3,566666667;0,066666667;0,972273467;0,789;646673;39770,62;0,037760364;0,119803981
2014;154;Uberlândia;0,000345976;6,740740741;0,037037037;0,972273519;0,789;654681;43291,56;0,007305677;0,119203093
2008;155;Unaí;0,001159834;3,5;0;0,864825075;0,651;77433;17227,08;0,037127854;0,379850968
2009;155;Unaí;0,001085271;4,12244898;0;0,6989824;0,651;78125;16776,38;0,007048222;0,4023424
2010;155;Unaí;0,00077331;4,142857143;0;0,704647715;0,736;77565;17142,26;0,002436323;0,415419326
2011;155;Unaí;0,000351193;4,4375;0;0,701589373;0,736;78144;22177,08;0,006606275;0,453803235
2012;155;Unaí;0,000392602;3,388888889;0;0,703823234;0,736;78703;25664,13;0,006343423;0,452930638
2013;155;Unaí;0,00067299;4,0625;0;0,707943153;0,736;81693;27371,52;0,037100855;0,472745523
2014;155;Unaí;0,001295174;3,790322581;0;0,725193808;0,736;82298;26996,54;0,006750931;0,472441615
2008;156;União de Minas;0,00393217;5,375;0;0,627484144;0,533;4730;16388;0,033528067;0
2009;156;União de Minas;0,002447381;4,3;0;0,685110876;0,533;4735;19066,03;0,004177931;0
2010;156;União de Minas;0,001393728;3,166666667;0;0,617021277;0,672;4418;16915,6;0,053597651;0
2011;156;União de Minas;0,001382807;4;0;0,616992276;0,672;4402;31306,4;0,007897793;0
2012;156;União de Minas;0,000686342;4,333333333;0;0,617103763;0,672;4385;18326;0,007374971;0,125427594
2013;156;União de Minas;0;0;0;0,616940863;0,672;4498;21219,04;0,03820636;0,122276567
2014;156;União de Minas;0;0;0;0,617030762;0,672;4486;24155,87;0,007712649;0,122603656
2008;157;Varginha;0,006780266;2,263157895;0;1,036763305;0,702;120691;23647,13;0,042600688;0
2009;157;Varginha;0,005998059;3,102941176;0;1,045030176;0,702;121785;25013,79;0,011419395;0
2010;157;Varginha;0,007361488;2,881578947;0;0,967338582;0,778;123081;26268,24;-0,089353444;0
2011;157;Varginha;0,010907336;3,371681416;0,008849558;0,967341054;0,778;124162;28571,88;0,003487021;0
2012;157;Varginha;0,01625938;3,059171598;0;0,967342342;0,778;125208;29437,96;0,003281853;0,059053735
2013;157;Varginha;0,005863738;3,349206349;0;0,967334927;0,778;130139;31233,86;0,033673273;0,082527144
2014;157;Varginha;0,015853885;3,245614035;0;0,967341871;0,778;131269;34902,15;0,003909159;0,081892907
2008;159;Varzelândia;0,000814238;2,142857143;0;0,122142821;0,419;19731;3784,61;0,040799031;0
2009;159;Varzelândia;0,00080608;2,571428571;0;0,16008295;0,419;19771;3961,09;0,010119809;0,234687168
2010;159;Varzelândia;0,00075774;3,142857143;0;0,166928228;0,594;19116;4148,36;0,063795486;0,270140197
2011;159;Varzelândia;0,000213721;3;0;0,171358309;0,594;19112;4862,24;0,012989825;0,270196735
2012;159;Varzelândia;0,000738864;2,428571429;0;0,101475822;0,594;19108;5311,1;0,012395811;0,287785221
2013;159;Varzelândia;0,000606857;3,166666667;0;0,103059254;0,594;19678;6123,51;0,043592991;0
2014;159;Varzelândia;0,00029976;3,333333333;0;0,105434231;0,594;19690;6595,75;0,012238293;0,279278822
2008;160;Vazante;0,002575811;2,704545455;0,022727273;0,72406535;0,619;19954;14837,56;0,036592026;0
2009;160;Vazante;0,000930503;3,1875;0,125;0,853507634;0,619;20042;13380,36;0,00661515;0
2010;160;Vazante;0,00082382;3,857142857;0;0,807128733;0,742;19723;17251;-0,011689445;0
2011;160;Vazante;0,000760946;3,307692308;0;0,807126611;0,742;19785;21700,49;0,005295987;0
2012;160;Vazante;0,000757135;5;0,076923077;0,807145737;0,742;19844;22358,13;0,00503395;0,050594638
2013;160;Vazante;0,00016871;5,333333333;0;0,807129621;0,742;20506;25196,32;0,035643564;0,298302936
2014;160;Vazante;0,000503328;3,666666667;0;0,807142857;0,742;20580;28079,74;0,005567428;0,260058309
2008;161;Vespasiano;0,000381485;4,666666667;0;0,781662766;0,598;99557;9959,74;0,029858565;0
2009;161;Vespasiano;0,00139718;2,727272727;0;0,858668971;0,598;101846;10813,5;0,001144456;0,075486519
2010;161;Vespasiano;0,000394737;1,333333333;0;0,857156524;0,688;104527;14923,36;-0,034675473;0,069494006
2011;161;Vespasiano;0,000131718;4;0;0,871012795;0,688;106685;19761,35;-0,001052632;0,071162769
2012;161;Vespasiano;0,000131857;3;0;0,852543417;0,688;108771;21538,55;-0,001053741;0
2013;161;Vespasiano;0,000128172;4;0;0,843299961;0,688;114365;20567,09;0,028744726;0,068202684
2014;161;Vespasiano;0,00025641;2;0;0,894065542;0,688;116506;22631,94;-0,000256345;0,066949342
2008;162;Viçosa;0,001318178;3,37704918;0,016393443;0,879992367;0,677;73362;7704,5;0,047940397;0,598961315
2009;162;Viçosa;0,000999851;3,319148936;0;0,916584649;0,677;74171;8086,23;0,015796525;0,612692292
2010;162;Viçosa;0,001696242;2,948717949;0;0,975768485;0,775;72220;4520,46;-0,021762716;0,622237607
2011;162;Viçosa;0,000580159;2,703703704;0;0,986261094;0,775;72786;6064,2;0,012069415;0,618594235
2012;162;Viçosa;0,000488572;2,695652174;0;0,83236742;0,775;73333;7172,2;0,011538709;0,621071005
2013;162;Viçosa;0,000203712;6,5;0,1;0,867125428;0,775;76147;6590,23;0,042760642;0,62762814
2014;162;Viçosa;0,000463205;4,52173913;0,043478261;0,880005212;0,775;76745;7340,34;0,011509707;0,629865138
